mean,std,min,20%,40%,50%,60%,80%,max,median,acfmean,acfstd,acfmedian,qstatmean,qstatstd,qstatmedian,mda,max_index,sma_sim,sma_adv,sma_sim_abs,sma_adv_abs,energy,iqr,entropy,autoreg_coeff,kurtosis,skewness,trace:id,qr
13.878615554,20.2988031313,0.006103515625,2.80558268229,4.5361328125,6.65384928385,8.39029947917,17.0723470052,97.9044596354,6.65384928385,0.00112612612613,0.094203148295,-0.0148592390166,1314.52290834,476.560393455,1199.33211176,5.64964590507,6,13.878615554,6148.22669044,13.878615554,6148.22669044,268055.834538,8.85111490885,5.96995092267,214.727194586,5.130768443051457,2.390950134868894,MaxxTurn45/1539950787.6893477,979
13.6340794419,20.1348491697,0.018310546875,2.86580403646,4.78190104167,6.58569335938,7.95776367188,14.94140625,97.7722167969,6.58569335938,0.00113636363636,0.0957277130721,-0.0137413337404,1343.47935987,438.060657976,1301.0049109,5.28768247282,239,13.6340794419,5985.36087499,13.6340794419,5985.36087499,259766.708107,8.12021891276,5.99064852453,200.393494695,5.425025319674843,2.44634157932596,MaxxTurn45/1539934495.453325,856
13.258268817,20.0229410719,0.00406901041667,2.80721028646,4.72900390625,6.34562174479,7.74169921875,13.3483886719,99.3835449219,6.34562174479,0.00112866817156,0.0952341225473,-0.0191347155755,1346.21337787,531.400523158,1269.64217565,5.17306071927,311,13.258268817,5860.15481712,13.258268817,5860.15481712,255077.120339,7.42594401042,6.00301579727,224.516932364,5.818625754078392,2.513137958235612,MaxxTurn45/1539871593.6375291,802
13.8482463486,20.0020638906,0.00203450520833,2.82796223958,4.58699544271,6.48803710938,8.0224609375,17.4100748698,99.2919921875,6.48803710938,0.00113122171946,0.0945610955198,-0.0131345865552,1314.03458077,509.514462016,1300.61665712,5.38571423572,225,13.8482463486,6107.07663972,13.8482463486,6107.07663972,261200.484613,8.90808105469,6.03367063628,220.2306619,5.16197638205634,2.3685793650952824,MaxxTurn45/1539936672.1011436,874
13.0850917473,19.5327861194,0.0101725260417,2.74210611979,4.31966145833,6.04858398438,7.68717447917,15.9908040365,95.4060872396,6.04858398438,0.00115473441109,0.0956443460177,-0.0195882777551,1291.27489129,454.499398489,1198.81170812,4.98302991734,236,13.0850917473,5652.75963482,13.0850917473,5652.75963482,238958.942981,7.86336263021,5.98387075844,178.210799995,5.726887991412852,2.494155085403314,MaxxTurn45/1539939907.386454,913
13.5241727217,20.3486298963,0.00203450520833,2.83203125,4.66105143229,6.32832845052,7.58666992188,16.0949707031,99.1780598958,6.32832845052,0.00114678899083,0.104261848412,-0.022423434626,1641.94101907,522.969650522,1620.86835732,4.99057082218,77,13.5241727217,5883.01513392,13.5241727217,5883.01513392,259864.847358,7.88726806641,5.97927527394,170.040238611,6.0000473170035615,2.542832213465193,MaxxTurn45/1539864473.3160963,727
14.0328207134,20.3140881532,0.00203450520833,2.87475585938,4.87589518229,6.7372639974,8.17586263021,16.9303385417,99.9471028646,6.7372639974,0.00115740740741,0.099190426894,-0.0225395874988,1414.17053306,471.658381071,1355.54856297,5.51541779895,80,14.0328207134,6048.14572746,14.0328207134,6048.14572746,262926.8632,8.10852050781,5.95893588157,191.970739341,5.248033946333788,2.3882340655667402,MaxxTurn45/1539852972.8482218,660
13.3743893626,19.8576481648,0.00203450520833,2.86254882812,4.64477539062,6.35375976562,8.22306315104,14.8771158854,99.7090657552,6.35375976562,0.00117096018735,0.0942885746012,-0.0137816546988,1202.62591642,442.974159755,1173.5911904,5.13083165218,5,13.3743893626,5697.48986845,13.3743893626,5697.48986845,244362.279392,7.92948404948,5.93100467612,194.670542054,5.917402181205572,2.5232020142986404,MaxxTurn45/1539786140.0293653,520
13.6762518315,19.7591938554,0.006103515625,2.90364583333,4.69645182292,6.59586588542,7.79581705729,16.2129720052,99.1333007812,6.59586588542,0.00118203309693,0.0882534080561,-0.012288818883,977.769771121,374.381072863,969.074875177,5.37817333088,76,13.6762518315,5771.37827291,13.6762518315,5771.37827291,243877.525586,8.29569498698,5.92755535474,232.646906748,5.140984594359059,2.367606983275654,MaxxTurn45/1539952189.0838616,994
13.7459871764,20.1302887283,0.01220703125,2.67211914063,4.90437825521,6.2744140625,8.23974609375,15.9029134115,98.1506347656,6.2744140625,0.0011135857461,0.0927182923096,-0.0158985032461,1292.95018879,427.866687059,1252.92582311,5.35705879733,8,13.7459871764,6158.20225501,13.7459871764,6158.20225501,266381.900269,8.36385091146,6.00239558201,202.353378357,5.082041281793465,2.3755548831744653,MaxxTurn45/1539867240.4088647,760
13.9079571136,20.0592597588,0.006103515625,2.98787434896,4.94791666667,6.47379557292,8.23160807292,15.8341471354,99.7884114583,6.47379557292,0.00114942528736,0.104899999218,-0.0225233822946,1658.87189782,603.534373785,1495.40339462,5.24846976766,74,13.9079571136,6036.05338729,13.9079571136,6036.05338729,258772.876416,8.98030598958,6.02513703866,159.863982253,5.245866125878381,2.390105535222823,MaxxTurn45/1539952996.7378776,1003
14.8473312866,20.7018218433,0.00203450520833,3.71256510417,5.84676106771,7.34456380208,9.06982421875,18.0627441406,99.5381673177,7.34456380208,0.00114155251142,0.0949832033317,-0.0154917182763,1301.90654505,504.419052923,1240.78742611,5.50486053217,239,14.8473312866,6488.28377223,14.8473312866,6488.28377223,283837.233769,8.67665608724,5.96608656619,226.352371895,5.532114548585591,2.4299064983020213,MaxxTurn45/1539930046.1094997,835
13.8393700077,20.2601762935,0.0142415364583,2.78523763021,4.96215820312,6.41886393229,7.95084635417,16.3920084635,99.4262695312,6.41886393229,0.00116009280742,0.0967378187351,-0.0179146641666,1316.76269272,471.168756446,1296.06197935,5.36007515927,40,13.8393700077,5950.9291033,13.8393700077,5950.9291033,259052.777593,7.96610514323,6.03072702752,206.654216235,5.354034383874849,2.4229181397469803,MaxxTurn45/1539935086.584245,862
13.6398756704,20.1801985993,0.00203450520833,2.95043945312,4.71801757812,6.31103515625,8.05541992188,15.595703125,97.5911458333,6.31103515625,0.00114155251142,0.100923782125,-0.0260694422016,1526.70749544,511.20952839,1399.98328364,5.04788169895,41,13.6398756704,5960.62566795,13.6398756704,5960.62566795,259452.300813,8.07444254557,5.98565377556,180.949777609,5.495555286243059,2.4742356704086643,MaxxTurn45/1539849646.9578729,633
12.9118220302,19.0007936575,0.00406901041667,2.33194986979,3.94612630208,5.87768554688,7.90161132812,15.9045410156,95.546468099,5.87768554688,0.00114416475973,0.0897636114238,-0.0183950283819,1109.56630875,341.763670943,1053.55694316,5.54407323733,8,12.9118220302,5629.55440518,12.9118220302,5629.55440518,230263.669329,8.37809244792,5.95780967365,174.492987911,5.6504999343079,2.444902720753685,MaxxTurn45/1539789180.8189752,550
13.1937348378,19.8634690355,0.006103515625,1.94254557292,4.22729492188,6.11979166667,7.84057617187,15.4817708333,96.055094401,6.11979166667,0.00110375275938,0.091166330548,-0.00742844641042,1261.11859356,369.203127167,1362.9483825,5.72203859152,120,13.1937348378,5963.56814667,13.1937348378,5963.56814667,257195.757214,8.0810546875,6.03667070079,185.511655176,5.861370721351884,2.497115880360658,MaxxTurn45/1539845981.8048153,581
7.70005610951,13.4339273329,0.006103515625,0.0752766927083,0.937093098958,2.85847981771,4.99226888021,9.31477864583,85.0646972656,2.85847981771,0.00263157894737,0.127085995627,-0.0199947252032,399.538484082,140.150142903,429.820205742,4.17916946155,0,7.70005610951,1455.3106047,7.70005610951,1455.3106047,45374.1704548,8.29366048177,5.03864427324,114.978640078,10.064453226397042,2.96995293997188
14.1892412751,20.7650822643,0.00406901041667,3.13720703125,5.04760742188,6.69352213542,8.56526692708,15.5029296875,98.085530599,6.69352213542,0.00114678899083,0.0949434273412,-0.0174933432522,1286.63628079,459.342413664,1188.79355112,5.37817333088,5,14.1892412751,6172.31995469,14.1892412751,6172.31995469,275348.930661,8.19447835286,5.99257309271,202.742995006,5.178693213390584,2.4187914186280457,MaxxTurn45/1539846898.8558867,612
13.7241641224,19.9034842954,0.00406901041667,2.71443684896,5.14729817708,6.50838216146,7.95654296875,15.1879882813,94.7916666667,6.50838216146,0.00114942528736,0.104630777591,-0.0244788147237,1648.1238896,518.433663056,1634.40358217,5.45961510314,237,13.7241641224,5956.28722911,13.7241641224,5956.28722911,253861.946373,7.89286295573,5.98448869701,150.097001298,4.91855961922549,2.3518219640749627,MaxxTurn45/1539788742.5597947,544
13.9730112564,19.9694611726,0.006103515625,3.03548177083,5.10457356771,6.58162434896,8.3740234375,16.259765625,98.3581542969,6.58162434896,0.000805152979066,0.0873670422107,-0.00922796878649,2334.08736395,853.915605165,2208.19646974,5.22433887218,103,13.9730112564,8663.26697898,13.9730112564,8663.26697898,368490.387363,8.32926432292,6.29668730854,155.96194905,4.978268490069315,2.344579658597507,MaxxTurn45/1539775289.401106,418
13.9071916586,20.4361007318,0.00203450520833,2.8076171875,4.82788085938,6.39953613281,8.17057291667,16.4815266927,98.8423665365,6.39953613281,0.00114678899083,0.0895072888129,-0.00870676850264,1094.71254299,421.003064735,1085.88649924,5.28164974895,31,13.9071916586,6049.62837149,13.9071916586,6049.62837149,265997.633913,8.36741129557,5.96035659345,226.501727182,5.377630747606975,2.4202553809949188,MaxxTurn45/1539785330.3479466,511
13.8696209278,20.4020125562,0.00203450520833,2.71362304688,4.79736328125,6.47176106771,8.369140625,16.6381835938,98.6246744792,6.47176106771,0.000816993464052,0.0909637071997,-0.0194122962197,2499.58835816,874.868114434,2381.75012326,5.50184417024,13,13.8696209278,8474.33838688,13.8696209278,8474.33838688,372052.16051,8.33892822266,6.27160293178,181.874250521,5.224101503753866,2.4041294176224834,MaxxTurn45/1539779647.7070727,448
13.7801739935,20.0026897146,0.00813802083333,2.96305338542,4.91536458333,6.38834635417,7.85115559896,16.5600585938,99.9165852865,6.38834635417,0.00114416475973,0.0946930054414,-0.013047607518,1284.40142939,481.239509425,1207.62264093,5.10670075669,5,13.7801739935,6008.15586116,13.7801739935,6008.15586116,257430.238119,8.06681315104,5.97777508267,164.417275439,4.935437479764162,2.34937441323187,MaxxTurn45/1539864243.8894439,724
14.4326024408,20.9345430711,0.00203450520833,2.81901041667,4.87752278646,6.60400390625,8.25032552083,17.3547363281,99.4506835938,6.60400390625,0.00111856823266,0.0983434152265,-0.0256329213394,1495.68163959,527.195093493,1372.99492123,5.41738603604,41,14.4326024408,6436.94068857,14.4326024408,6436.94068857,288571.877649,8.84195963542,6.02018818506,202.647510247,4.742017993571538,2.317216747985916,MaxxTurn45/1539788212.9184132,538
13.4345301875,19.4695415023,0.0590006510417,2.91951497396,4.25618489583,6.23372395833,8.24869791667,16.0603841146,96.6369628906,6.23372395833,0.00115740740741,0.0957284577227,-0.0142007438335,1287.35949235,440.353294846,1208.50887167,5.08256986121,388,13.4345301875,5790.28251083,13.4345301875,5790.28251083,241346.384746,8.65987141927,5.98898678974,194.640200096,5.3084732192800494,2.4053088216078113,MaxxTurn45/1539784573.107643,502
14.0558321344,20.4859164351,0.0101725260417,2.79418945312,4.66023763021,6.13403320312,8.1103515625,16.1661783854,98.0692545573,6.13403320312,0.0011655011655,0.0960039158006,-0.0232310454221,1276.39464453,465.959100603,1182.26961091,5.1579789096,212,14.0558321344,6015.89615354,14.0558321344,6015.89615354,264375.939386,8.12174479167,5.97176823819,218.294871144,4.622472530015908,2.2950126557078074,MaxxTurn45/1539785111.3025906,508
14.5708758228,20.3458028534,0.00203450520833,3.50789388021,5.83048502604,7.35371907552,8.59944661458,16.845296224,99.9084472656,7.35371907552,0.00125628140704,0.0903376440293,-0.0137830934297,901.730587684,308.053494689,872.955098783,5.61043319991,5,14.5708758228,5784.63770165,14.5708758228,5784.63770165,248838.370471,8.53068033854,5.9198111939,232.97422621,5.3807309737605955,2.41182653381812,MaxxTurn45/1539843032.6787276,563
13.7134302442,20.4809215392,0.124104817708,2.84301757812,4.67203776042,6.45345052083,8.03955078125,15.0541178385,99.7436523438,6.45345052083,0.00116822429907,0.0901810395648,-0.0124458519371,1069.47731283,421.020876802,946.539217849,5.3585669783,324,13.7134302442,5855.63471429,13.7134302442,5855.63471429,259601.795168,8.33028157552,6.01701612387,211.431432081,5.540395831007963,2.4666619427264114,MaxxTurn45/1539951131.9031782,982
13.1839179552,19.612847048,0.00406901041667,2.94555664063,4.57926432292,6.298828125,7.79947916667,13.8879394531,99.501546224,6.298828125,0.00115473441109,0.0970867732045,-0.0171475126049,1343.75890565,458.509985601,1240.30221229,5.04637351798,7,13.1839179552,5695.45255665,13.1839179552,5695.45255665,241436.943267,7.81860351562,5.95247961062,198.88485487,5.697437073558085,2.495470979892342,MaxxTurn45/1539869632.805362,781
12.9754671113,19.5419042444,0.0996907552083,2.81127929688,4.09545898438,6.18082682292,7.79459635417,15.3845214844,98.2157389323,6.18082682292,0.00113895216401,0.0924554658884,-0.0190311449425,1216.9099456,373.143330338,1198.89325412,5.04034079411,5,12.9754671113,5683.25459474,12.9754671113,5683.25459474,241177.323241,7.56022135417,5.98106452505,202.729551815,6.0312766541656,2.5452866908572216,MaxxTurn45/1539954521.26221,1021
13.7942223109,19.9314640981,0.00203450520833,2.734375,4.91129557292,6.4208984375,8.20719401042,16.982014974,95.3918457031,6.4208984375,0.00117370892019,0.0955468846707,-0.0173946873685,1239.67128514,464.919467252,1181.22800189,5.5033523512,40,13.7942223109,5862.54448212,13.7942223109,5862.54448212,249896.408427,8.25347900391,5.93765472421,185.758722273,4.8163068324318825,2.331302989981353,MaxxTurn45/1539948750.4873638,955
13.018070485,19.0922374276,0.0508626302083,2.95369466146,4.97924804688,6.34969075521,8.25764973958,13.5990397135,97.7742513021,6.34969075521,0.00119331742243,0.0978437876601,-0.0237189250401,1271.02404683,424.455634035,1274.89815916,5.03129170831,65,13.018070485,5441.55346272,13.018070485,5441.55346272,223374.652221,7.65075683594,5.99485940036,166.306041612,6.265146650742475,2.5843994804228365,MaxxTurn45/1539789482.7455406,553
13.4515304803,19.9242281278,0.079345703125,2.64200846354,4.09016927083,6.15030924479,7.83976236979,16.016031901,98.8708496094,6.15030924479,0.00116822429907,0.0901625038815,-0.0111612213352,1068.86066485,396.389904018,973.559518653,5.22735523411,380,13.4515304803,5743.80351509,13.4515304803,5743.80351509,246952.159719,8.16955566406,5.99635954837,208.883458025,5.1298742153541905,2.3760560250930265,MaxxTurn45/1539874020.3838706,832
14.0978676071,20.1428791208,0.00406901041667,2.85278320312,4.86165364583,6.982421875,8.44604492188,17.4763997396,97.7966308594,6.982421875,0.00118483412322,0.10271695625,-0.0221778443613,1467.55753881,487.202130953,1409.47813717,5.9241348412,39,14.0978676071,5935.2022626,14.0978676071,5935.2022626,254687.124466,9.49249267578,5.95258898185,180.60287688,5.006167208099701,2.364385617681738,MaxxTurn45/1539953538.7255042,1009
13.9756397534,20.4736143929,0.006103515625,2.89428710938,4.775390625,6.39343261719,8.10872395833,16.4831542969,98.8362630208,6.39343261719,0.00115207373272,0.0931049665313,-0.0124366951659,1207.32784109,471.839242898,1089.3547182,5.22433887218,7,13.9756397534,6051.45201324,13.9756397534,6051.45201324,266268.359601,8.29823811849,5.96721235901,218.658834978,4.777697461122447,2.341075851459455,MaxxTurn45/1539940147.177461,916
13.8751177837,20.8289095224,0.0528971354167,2.73966471354,4.50927734375,6.54093424479,8.04280598958,16.1971028646,99.3570963542,6.54093424479,0.000810372771475,0.093153714854,-0.0218871885795,2699.80710819,997.270461268,2451.78405979,5.50184417024,337,13.8751177837,8547.07255474,13.8751177837,8547.07255474,386031.735982,8.64664713542,6.31502773429,189.982147621,5.656090134900106,2.489952750576355,MaxxTurn45/1539777050.611705,433
12.887820682,19.2611074793,0.00406901041667,2.81209309896,4.30582682292,5.97941080729,7.4755859375,14.033610026,98.0041503906,5.97941080729,0.00112612612613,0.0879616910837,-0.015508008752,1088.86652389,354.211336775,1085.21325178,4.81260546799,80,12.887820682,5709.30456213,12.887820682,5709.30456213,238095.275106,7.5434366862,6.02359884086,209.792178381,6.03124250791247,2.543989579747919,MaxxTurn45/1539866294.9194806,748
13.1373052487,19.9670284976,0.00406901041667,2.66194661458,4.61466471354,6.14217122396,7.80843098958,13.5701497396,99.6643066406,6.14217122396,0.00114942528736,0.0991957545846,-0.01805293114,1437.05106412,510.999592928,1374.69889835,5.17004435734,9,13.1373052487,5701.59047795,13.1373052487,5701.59047795,248104.20983,7.763671875,6.03590055873,202.082510201,5.842672595554042,2.536190142897613,MaxxTurn45/1539936909.149092,877
13.7655686189,20.4542329018,0.054931640625,2.74983723958,4.69604492188,6.36088053385,8.0859375,15.5806477865,99.0458170573,6.36088053385,0.000816993464052,0.086033077003,-0.0134314531726,2171.11676857,754.395420136,2073.01591068,5.17306071927,529,13.7655686189,8410.76242617,13.7655686189,8410.76242617,371595.936434,8.28704833984,6.29510978105,193.395785966,5.072098437648419,2.4003785096568264,MaxxTurn45/1539776780.647135,430
13.4593843221,19.8232107271,0.006103515625,2.70670572917,4.23502604167,6.38224283854,7.81372070312,16.4530436198,97.422281901,6.38224283854,0.00115473441109,0.0944790221136,-0.0198105255724,1249.44724205,413.524734334,1203.93584832,5.39023877862,41,13.4593843221,5814.45402714,13.4593843221,5814.45402714,248198.709687,8.11360677083,5.97126556003,193.626645973,5.572208342332168,2.4388255473788947,MaxxTurn45/1539862997.7963278,708
13.9240640433,20.4013062011,0.00203450520833,2.76692708333,4.94995117188,6.48498535156,7.861328125,16.6381835938,97.3999023438,6.48498535156,0.00129533678756,0.0971014825534,-0.0218845212255,1027.029222,371.514639082,966.62112946,5.25299431056,66,13.9240640433,5360.76465666,13.9240640433,5360.76465666,235079.628424,8.60595703125,5.84018168259,211.818893582,5.152553925841074,2.392135016079583,MaxxTurn45/1539789942.2105412,559
14.2339047199,20.6835375303,0.00813802083333,2.97078450521,4.73225911458,6.43717447917,8.08959960938,16.2577311198,99.7884114583,6.43717447917,0.00115207373272,0.0929521654508,-0.0106832812923,1201.93582972,454.410894405,1138.06096394,5.18965070992,80,14.2339047199,6163.28074372,14.2339047199,6163.28074372,273171.332735,8.39182535807,5.9775779838,216.970213961,4.932635751500214,2.339423268458159,MaxxTurn45/1539855082.6318893,678
13.7277176836,19.7304678641,0.006103515625,3.01920572917,4.45556640625,6.40869140625,8.28857421875,17.9056803385,99.7212727865,6.40869140625,0.00116009280742,0.0918365911523,-0.0103136991227,1143.8759837,439.250443514,1103.26419117,5.07955349927,76,13.7277176836,5902.91860393,13.7277176836,5902.91860393,248617.336055,8.36791992188,5.93601215942,213.758459296,5.391445764054163,2.398387426958705,MaxxTurn45/1539787493.6799,529
13.1868963372,19.334909726,0.00203450520833,2.95003255208,4.81323242188,6.57857259115,7.70833333333,14.8795572917,98.8138834635,6.57857259115,0.00114155251142,0.101958134221,-0.0254183354643,1567.24259071,536.93133325,1435.1417143,5.27260066314,40,13.1868963372,5762.67369937,13.1868963372,5762.67369937,239533.201742,7.72145589193,5.96427418092,172.068043248,6.044280198682964,2.525498413749178,MaxxTurn45/1539949020.0393448,958
13.6527373412,20.3928159021,0.00406901041667,2.60701497396,4.63745117188,6.39851888021,7.99886067708,15.7702636719,99.794514974,6.39851888021,0.00116822429907,0.0942791894738,-0.0129970570544,1208.92737199,404.04117148,1134.52147558,5.55161414217,388,13.6527373412,5829.71884469,13.6527373412,5829.71884469,257353.200954,8.12683105469,5.95907932364,204.905729534,5.410985944125688,2.442548024344041,MaxxTurn45/1539950052.0751345,970
14.0536600986,20.2913361128,0.00406901041667,2.82389322917,5.19816080729,6.77286783854,8.24829101562,17.1232096354,97.5626627604,6.77286783854,0.0011655011655,0.0980392585369,-0.0181095970864,1349.59008148,433.576039485,1330.29260881,5.4988278083,7,14.0536600986,6014.96652219,14.0536600986,6014.96652219,260953.801862,8.52254231771,5.9331938657,180.393198429,5.007173179985388,2.368375697219276,MaxxTurn45/1539852669.8982103,657
13.4727472154,19.6736827813,0.00813802083333,2.6708984375,4.55444335938,6.31103515625,7.56754557292,17.0943196615,98.193359375,6.31103515625,0.00115473441109,0.105815092557,-0.0178659235033,1678.10632177,645.849295483,1501.45181978,5.38420605475,40,13.4727472154,5820.22679706,13.4727472154,5820.22679706,245803.198376,8.16853841146,5.99347556926,160.966093511,5.741913184681245,2.4470838988652366,MaxxTurn45/1539872864.8581455,817
14.007245422,20.4941975671,0.006103515625,2.81372070312,4.84822591146,6.69962565104,8.39233398438,17.6920572917,93.8557942708,6.69962565104,0.00113378684807,0.0989991299032,-0.0169090278406,1475.31562687,494.406863749,1398.94527946,5.58630230443,220,14.007245422,6163.1879857,14.007245422,6163.1879857,271330.828547,8.14005533854,6.0025672202,184.439008015,5.163909925344354,2.3905035728545965,MaxxTurn45/1539871358.5164235,799
13.4549236151,20.2232380203,0.00203450520833,2.56429036458,4.57478841146,6.29374186198,7.73885091146,14.5332845052,97.3673502604,6.29374186198,0.00115207373272,0.0998307753278,-0.0199630022626,1453.44123995,517.613140394,1362.56762291,5.49581144636,304,13.4549236151,5825.98192534,13.4549236151,5825.98192534,255657.237917,8.71836344401,5.99517745389,187.291400127,5.7194190554067905,2.5029059080459195,MaxxTurn45/1539864720.4634354,730
13.930762312,20.226598634,0.0406901041667,2.79663085938,4.98087565104,6.63655598958,8.15022786458,18.7101236979,99.1149902344,6.63655598958,0.00113895216401,0.0887747575573,-0.00817245928524,1087.47380665,437.7774668,977.568990673,5.53200778959,393,13.930762312,6101.67389264,13.930762312,6101.67389264,264387.53287,8.75345865885,6.0134170118,221.733687024,5.3499230840820715,2.400371822720093,MaxxTurn45/1539939170.7213504,904
13.7367091408,20.5866802608,0.00813802083333,2.66398111979,4.5068359375,6.21744791667,7.72867838542,16.0526529948,99.2940266927,6.21744791667,0.00114416475973,0.0972709778123,-0.0176302115112,1379.55802947,432.486887041,1294.59024719,5.26355157734,80,13.7367091408,5989.20518539,13.7367091408,5989.20518539,267242.439008,7.99763997396,6.0026006715,180.026099256,5.457243343948381,2.4365395742547094,MaxxTurn45/1539871118.8928962,796
14.0913087826,20.7756275055,0.00813802083333,3.05582682292,4.90112304688,6.67317708333,7.99357096354,16.6707356771,99.6785481771,6.67317708333,0.00116009280742,0.0968544261348,-0.0191349796995,1320.98537152,460.735261352,1248.22194344,5.25148612959,224,14.0913087826,6059.2627765,14.0913087826,6059.2627765,271180.988008,7.85013834635,5.97624935327,244.74358617,5.055377604071426,2.390689391313841,MaxxTurn45/1539852241.4985137,654
14.1200731777,20.3084770203,0.00406901041667,2.79052734375,5.04109700521,6.56941731771,8.17342122396,18.5050455729,99.8657226562,6.56941731771,0.0011655011655,0.0989633286402,-0.0183957097034,1383.32851659,486.325019187,1388.19713803,5.50787689411,26,14.1200731777,6043.39132005,14.1200731777,6043.39132005,262054.35839,8.64054361979,5.95802447481,200.525408959,5.015312685436644,2.3439647993687016,MaxxTurn45/1539935337.7276201,865
13.5994521381,20.3156660585,0.00203450520833,2.63916015625,4.32820638021,6.27950032552,7.95247395833,16.5787760417,97.5362141927,6.27950032552,0.00113122171946,0.10257043914,-0.0202603159698,1624.59202827,535.8352173,1545.18230604,5.37666514992,79,13.5994521381,5997.35839291,13.5994521381,5997.35839291,263758.026262,8.36842854818,5.98307298956,162.720008377,5.629265935864719,2.4600066731464714,MaxxTurn45/1539872630.812847,814
13.5167230295,19.5913159575,0.00203450520833,2.8466796875,4.77864583333,6.43513997396,8.06681315104,16.7211914062,99.2879231771,6.43513997396,0.000823723228995,0.0917550412838,-0.0139271814458,2507.57012479,794.448915324,2412.4010633,5.24846976766,549,13.5167230295,8191.13415588,13.5167230295,8191.13415588,343494.708017,8.35266113281,6.26118013159,142.89271329,5.843893632438055,2.4798510965864784,MaxxTurn45/1539767836.4780653,394
14.0486292162,20.9176823012,0.00203450520833,2.73274739583,4.53938802083,6.57755533854,8.14412434896,16.4803059896,99.3570963542,6.57755533854,0.00113895216401,0.0992577379412,-0.021176450116,1469.95598353,419.64916672,1390.65767324,5.56820413282,398,14.0486292162,6153.2995967,14.0486292162,6153.2995967,278289.440063,8.57340494792,5.98980482135,188.425340444,5.352992659964768,2.438774432106816,MaxxTurn45/1539863465.9748561,714
13.7312230056,20.6196123793,0.00203450520833,2.63549804688,4.51049804688,6.27237955729,8.29142252604,15.3401692708,99.4608561198,6.27237955729,0.000813008130081,0.0920009352988,-0.0199755188507,2599.24965785,839.623732425,2493.85287449,5.38420605475,112,13.7312230056,8430.97092543,13.7312230056,8430.97092543,377009.495025,7.99662272135,6.3042505112,184.901814178,5.371039256310404,2.4524714926272235,MaxxTurn45/1539780437.5640476,457
13.4830020312,19.9943254808,0.00203450520833,2.81819661458,4.75056966146,6.55212402344,7.81778971354,13.9489746094,99.4160970052,6.55212402344,0.00113122171946,0.0974771451416,-0.0201543223444,1424.18129541,503.751547148,1351.17993941,5.12932347121,9,13.4830020312,5946.00389576,13.4830020312,5946.00389576,256651.68963,7.38321940104,5.97504469,184.235498499,6.059991817438988,2.525981825777473,MaxxTurn45/1539937394.4538643,883
13.9952763604,20.1419336513,0.00203450520833,2.81168619792,5.06795247396,6.74235026042,8.49202473958,17.7042643229,98.3866373698,6.74235026042,0.00116009280742,0.0961926608902,-0.0209416551853,1297.0884923,458.768322488,1224.28860526,5.74013676314,80,13.9952763604,6017.96883497,13.9952763604,6017.96883497,258868.925956,9.09423828125,5.98484530781,205.863180631,5.058827300932677,2.363040941541829,MaxxTurn45/1539949540.1394966,964
13.7694756371,20.4292619673,0.111897786458,2.84830729167,4.677734375,6.41886393229,8.22306315104,16.084391276,99.3408203125,6.41886393229,0.00113895216401,0.0915759884125,-0.01272047085,1185.5041139,460.947700308,1182.31787009,5.24545340572,305,13.7694756371,6031.03032905,13.7694756371,6031.03032905,266035.101745,7.666015625,5.95895960357,202.389604943,5.482535196166776,2.4475431604220774,MaxxTurn45/1539785865.0524201,517
13.7931577621,19.8272199601,0.0773111979167,3.0029296875,5.01790364583,6.57552083333,8.12703450521,17.7197265625,97.8841145833,6.57552083333,0.00115207373272,0.0969096246749,-0.01270293684,1344.441476,505.657703262,1344.94965176,5.27109248217,6,13.7931577621,5972.43731099,13.7931577621,5972.43731099,252789.397289,8.24737548828,5.96584722166,176.922663209,5.659443460098153,2.432904144958729,MaxxTurn45/1539934738.9239945,859
13.7711913267,20.3708266212,0.006103515625,2.78727213542,4.67610677083,6.38224283854,8.24422200521,16.1539713542,99.0580240885,6.38224283854,0.000814332247557,0.0923504493067,-0.0234875958634,2614.23180262,854.907398258,2535.7637763,5.32991153992,37,13.7711913267,8441.74028328,13.7711913267,8441.74028328,370819.430124,8.57747395833,6.31683105843,178.789660268,5.499403643139214,2.4531474422131785,MaxxTurn45/1539780158.398311,454
12.3379831025,17.621304263,0.00203450520833,3.08919270833,5.22786458333,5.99365234375,7.54842122396,14.7001139323,98.9237467448,5.99365234375,0.000909090909091,0.0796986779927,-0.00788987504353,1379.18907311,453.726457948,1388.84449473,4.56677197025,189,12.3379831025,6773.55272328,12.3379831025,6773.55272328,254194.394669,7.23317464193,6.21573967015,159.71107169,7.780796177155532,2.7795001398015913,MaxxTurn45/1539868343.1140091,766
13.4294098499,19.5448739335,0.0101725260417,2.70874023438,4.47713216146,6.35986328125,8.14534505208,15.7975260417,97.7986653646,6.35986328125,0.00117647058824,0.0913862777615,-0.00817075674503,1091.39888255,395.971062195,1029.64097264,5.42945148379,39,13.4294098499,5694.06977635,13.4294098499,5694.06977635,238617.23495,8.23567708333,5.95380144915,192.670938988,5.617194014049609,2.439352291567339,MaxxTurn45/1539849372.1130202,630
13.6903931494,19.7129840961,0.00203450520833,2.68147786458,4.50236002604,6.49617513021,7.98746744792,15.8243815104,95.644124349,6.49617513021,0.00113378684807,0.097922234804,-0.0179474729906,1433.7920778,478.861165137,1348.5468208,5.63758045733,7,13.6903931494,6023.77298576,13.6903931494,6023.77298576,253640.013751,8.25398763021,6.03323194931,178.328503403,4.533958008382828,2.285402210552861,MaxxTurn45/1539946744.5776465,934
14.6343139743,20.9799857973,0.00203450520833,2.89916992188,4.68343098958,6.61214192708,8.21940104167,19.62890625,96.3724772135,6.61214192708,0.00116009280742,0.100760126087,-0.0211173464784,1465.36029935,513.806034975,1406.70588538,5.48977872249,42,14.6343139743,6292.75500894,14.6343139743,6292.75500894,281573.031454,9.58862304688,5.98970143908,200.179178266,4.2277494794866675,2.2144555106556205,MaxxTurn45/1539937875.6607707,889
14.2413186411,20.774771214,0.00406901041667,2.91585286458,4.56380208333,6.53889973958,7.86010742188,17.5610351563,95.5729166667,6.53889973958,0.00113895216401,0.0935467189339,-0.0223449472738,1256.29550641,441.27820056,1202.89006012,5.30879700637,6,14.2413186411,6237.69756482,14.2413186411,6237.69756482,278072.763884,9.43705240885,5.94179550246,238.7587001,4.760460390241432,2.332226768825891,MaxxTurn45/1539870048.0117655,784
13.9298398271,20.1084673525,0.00203450520833,2.86661783854,4.60530598958,6.58772786458,8.29427083333,16.0852050781,95.5444335938,6.58772786458,0.0011655011655,0.0969454564619,-0.016649640168,1310.06366918,442.886687697,1256.79360498,5.44151693153,42,13.9298398271,5961.97144598,13.9298398271,5961.97144598,256305.344299,8.62426757812,5.9800815563,184.516286711,4.617938713225897,2.306521668775375,MaxxTurn45/1539937152.6355686,880
13.6591067259,19.8309289854,0.00203450520833,3.05297851563,4.74039713542,6.43513997396,8.09285481771,16.2890625,98.9908854167,6.43513997396,0.00114942528736,0.0955511960248,-0.0148791065936,1301.81708707,494.282531002,1177.20822915,5.21227342443,77,13.6591067259,5928.05231906,13.6591067259,5928.05231906,251835.80358,8.73107910156,5.97492804624,203.363404173,5.652382385250354,2.4470845856032004,MaxxTurn45/1539851420.6075547,651
13.5122468668,20.1642621231,0.00203450520833,2.75268554688,4.31030273438,6.30289713542,8.06315104167,15.0337727865,96.875,6.30289713542,0.000807754442649,0.0917208420385,-0.0200850173567,2617.31751977,872.66447697,2441.05759091,5.12781529024,344,13.5122468668,8350.56856368,13.5122468668,8350.56856368,364294.759312,7.87150065104,6.35614264001,180.185541873,5.587018563941593,2.470773404909349,MaxxTurn45/1539780906.367151,460
13.6883685066,20.434503629,0.00203450520833,2.91748046875,4.83805338542,6.48396809896,8.00577799479,15.1123046875,98.876953125,6.48396809896,0.00118764845606,0.102497380488,-0.0237512619996,1451.5880296,447.723432314,1402.94227968,5.22735523411,41,13.6883685066,5749.11477277,13.6883685066,5749.11477277,254262.327225,8.12784830729,5.9565827067,180.335810372,5.662400178485203,2.497585660390033,MaxxTurn45/1539948024.6751764,949
13.6092103984,20.1057846052,0.09765625,2.8466796875,4.65942382813,6.47684733073,8.076171875,15.6363932292,97.4548339844,6.47684733073,0.00113122171946,0.0947761527259,-0.0190974139287,1322.04359342,464.139547858,1223.42736198,5.36912424508,398,13.6092103984,6001.6617857,13.6092103984,6001.6617857,260134.063984,8.30841064453,6.03325559087,193.709830209,5.91414969754171,2.5090769526832313,MaxxTurn45/1539873566.4213674,826
13.801454748,20.0726856973,0.00203450520833,2.86173502604,4.89501953125,6.42903645833,8.52091471354,16.0343424479,98.8037109375,6.42903645833,0.00117924528302,0.0957553394955,-0.0134754117432,1233.3167618,477.829748254,1139.29161578,5.26656793927,232,13.801454748,5838.0153584,13.801454748,5838.0153584,251195.661736,8.40047200521,5.99495230885,192.030943413,5.282152625097622,2.406090954795346,MaxxTurn45/1539787210.2165296,526
13.6100900486,19.9953102089,0.0162760416667,2.80151367188,4.57316080729,6.45548502604,8.0126953125,15.2412923177,95.8333333333,6.45548502604,0.00112359550562,0.0973441087409,-0.0165279896745,1441.38396507,485.567090949,1371.58633929,5.36007515927,238,13.6100900486,6042.87998157,13.6100900486,6042.87998157,259946.094329,8.34757486979,6.01354979268,180.469694379,5.033646074952383,2.387846055470947,MaxxTurn45/1539860863.408783,690
14.1963878551,21.3339271475,0.0752766927083,2.79337565104,4.61954752604,6.41072591146,7.87841796875,15.6974283854,99.9471028646,6.41072591146,0.00112612612613,0.096349015484,-0.0181801537633,1395.67763078,437.426074326,1359.21031441,5.34046880669,399,14.1963878551,6288.99981983,14.1963878551,6288.99981983,291108.064349,7.99407958984,6.02242035405,251.699868124,4.976824627779791,2.392173700664658,MaxxTurn45/1539849142.707625,627
13.5740758105,19.6539806346,0.00203450520833,2.78361002604,4.86165364583,6.58569335938,8.02652994792,15.0382486979,95.9045410156,6.58569335938,0.00117096018735,0.100589330645,-0.0203148904205,1428.08031385,459.516760055,1333.5427837,5.31482973024,8,13.5740758105,5782.55629528,13.5740758105,5782.55629528,243231.947803,8.01595052083,5.96220324849,167.93746899,4.783090742467887,2.338121621913141,MaxxTurn45/1539784112.0106728,496
13.6126018286,19.4019419762,0.00406901041667,2.8564453125,4.70865885417,6.54500325521,8.28043619792,16.2434895833,98.8952636719,6.54500325521,0.00115473441109,0.0968374249869,-0.0188363530303,1334.62998199,526.603517065,1206.37802222,5.27561702508,77,13.6126018286,5880.64398997,13.6126018286,5880.64398997,242856.240318,8.78295898438,5.93702949691,176.056439486,5.477282752463049,2.415093253012538,MaxxTurn45/1539784851.4207761,505
14.213298616,20.246027053,0.00203450520833,2.91178385417,4.86165364583,6.73624674479,8.50260416667,17.0397949219,99.2858886719,6.73624674479,0.00111607142857,0.0948364024748,-0.0182930653772,1366.48025125,509.892267906,1250.8298032,5.60138411411,37,14.213298616,6353.34448133,14.213298616,6353.34448133,273730.02049,8.52661132812,6.03924668527,203.60138686,4.633127707517777,2.2774681323532855,MaxxTurn45/1539848764.2274735,624
13.5883220191,20.3892675062,0.00813802083333,2.83569335938,4.3994140625,6.15743001302,7.78889973958,15.3584798177,99.9654134115,6.15743001302,0.000809061488673,0.0875860750995,-0.0163682215479,2323.35346314,786.802345624,2181.03093717,5.00565263186,36,13.5883220191,8383.99468579,13.5883220191,8383.99468579,370609.677657,7.94626871745,6.32259580014,216.982052873,5.494660900902174,2.4583768617698656,MaxxTurn45/1539769191.682508,406
14.2673211851,20.4978480318,0.00203450520833,2.99072265625,5.06184895833,6.76981608073,8.4716796875,18.7520345052,93.271891276,6.76981608073,0.00117370892019,0.0924621206052,-0.0201142087107,1133.67890567,416.310432885,1050.82575005,5.54708959927,42,14.2673211851,6063.61150368,14.2673211851,6063.61150368,265283.80324,9.24733479818,5.99138103405,204.947256635,5.100571466960524,2.369943912338038,MaxxTurn45/1539950524.2165277,976
13.8623381314,20.1827036705,0.00406901041667,2.79459635417,4.84537760417,6.77591959635,8.30647786458,16.7997233073,94.8262532552,6.77591959635,0.00114155251142,0.0982138822381,-0.0185978279959,1422.46948432,543.555073598,1312.19974409,5.6436131812,245,13.8623381314,6057.84176343,13.8623381314,6057.84176343,262176.262786,8.3485921224,5.99873283382,194.080718305,4.86744927365602,2.3404642124415047,MaxxTurn45/1539950288.373055,973
13.8204318197,19.7969742465,0.00203450520833,2.97485351562,4.94750976562,6.54500325521,7.95939127604,17.4430338542,96.8037923177,6.54500325521,0.0011655011655,0.0962246689196,-0.0172712299247,1284.25917687,492.20101882,1220.06549817,5.24846976766,26,13.8204318197,5915.14481883,13.8204318197,5915.14481883,249682.701036,8.16853841146,5.97823114896,184.970085156,4.9825903834809635,2.3329270904589494,MaxxTurn45/1539853960.610241,672
13.5196388696,20.0178515286,0.00406901041667,2.63753255208,4.43766276042,6.49108886719,8.06111653646,16.3736979167,98.2564290365,6.49108886719,0.00116822429907,0.0993405783817,-0.0100133609441,1389.70618174,539.440883961,1260.19271128,5.63003955249,8,13.5196388696,5772.88579733,13.5196388696,5772.88579733,249335.152035,8.38877360026,5.95101347114,187.716629283,5.657511836792171,2.4623648155499627,MaxxTurn45/1539947011.7082918,937
15.3216997782,21.0262623483,0.00203450520833,1.02661132813,6.88557942708,8.09834798177,9.34000651042,22.3787434896,99.3998209635,8.09834798177,0.00130208333333,0.107358901419,-0.0188858793274,1326.12475075,534.743929692,1177.69518486,9.03400399663,324,15.3216997782,5868.21101507,15.3216997782,5868.21101507,259471.442186,12.2884114583,5.85991127889,205.341448498,4.30895375004625,2.1690540238978646,MaxxTurn45/1539778830.473645,439
14.2402758993,20.4216896346,0.054931640625,2.9638671875,4.8291015625,6.48600260417,8.39721679688,18.0777994792,99.3123372396,6.48600260417,0.00113895216401,0.0983969398523,-0.0207582814572,1436.94169742,487.211894771,1337.2597041,5.33896062572,79,14.2402758993,6237.24084389,14.2402758993,6237.24084389,271688.704424,9.66084798177,6.01699273944,176.51586606,4.791573289940876,2.3002680775143407,MaxxTurn45/1539870331.951634,787
14.3023772063,21.0768956283,0.00406901041667,2.87109375,4.91088867188,6.41784667969,7.85481770833,16.4278157552,99.1902669271,6.41784667969,0.00111111111111,0.0979880413887,-0.0161020733771,1504.57148561,535.38258717,1400.53749381,5.19266707185,346,14.3023772063,6421.76736563,14.3023772063,6421.76736563,291512.849857,8.33231608073,5.97656540262,206.904759057,4.895459030943745,2.350357757575975,MaxxTurn45/1539865495.732754,739
13.6842831433,19.5199235567,0.00203450520833,2.91219075521,4.77416992188,6.494140625,7.91625976562,18.330078125,98.8627115885,6.494140625,0.00114942528736,0.0992846809058,-0.0195649588013,1440.41399741,537.718111793,1326.66186286,5.17909344314,8,13.6842831433,5938.97888417,13.6842831433,5938.97888417,246823.826635,7.61922200521,5.96520826566,175.905616808,5.066009203223576,2.3509336900067166,MaxxTurn45/1539947296.644961,940
14.6254315788,21.1181211748,0.00203450520833,3.06681315104,4.91129557292,6.79219563802,8.37931315104,19.1642252604,98.9461263021,6.79219563802,0.00115740740741,0.0986885328538,-0.0185086075289,1395.5070967,482.126340003,1359.86867299,5.47922145572,42,14.6254315788,6303.56101048,14.6254315788,6303.56101048,284621.446592,8.38470458984,5.96688560334,204.733087836,4.810922920750877,2.3278238297770626,MaxxTurn45/1539788524.298326,541
13.6045324034,19.6838495528,0.00813802083333,2.69612630208,5.11067708333,6.42700195312,8.076171875,14.8392740885,99.1902669271,6.42700195312,0.0011655011655,0.107421888135,-0.0195200939183,1706.86486515,614.726195109,1658.74780001,5.47469691282,41,13.6045324034,5822.73986864,13.6045324034,5822.73986864,245231.019937,8.40861002604,5.94225751716,144.811024972,5.118094310040874,2.38158357445496,MaxxTurn45/1539869396.9930165,778
13.5270636464,19.7923531525,0.00203450520833,2.70751953125,4.66756184896,6.16251627604,7.88330078125,16.0925292969,98.8932291667,6.16251627604,0.00113895216401,0.0979195256098,-0.0151124468464,1418.75534442,560.726607128,1351.4277719,5.20322433863,7,13.5270636464,5924.85387711,13.5270636464,5924.85387711,251909.769513,8.02917480469,5.96215823552,185.892425304,5.098074215396089,2.3823139855152125,MaxxTurn45/1539850602.9188108,642
14.3118051382,20.6087228656,0.00203450520833,3.11726888021,4.84375,6.71183268229,8.37117513021,17.3706054688,99.6541341146,6.71183268229,0.00113122171946,0.105053811143,-0.0181541780725,1726.00856537,632.553871018,1663.16990636,5.32538699701,27,14.3118051382,6311.50606596,14.3118051382,6311.50606596,277835.153755,8.58052571615,5.96605049766,153.922191115,5.381737980781793,2.404411273069568,MaxxTurn45/1539932283.1509993,838
13.9342981741,21.087019195,0.01220703125,2.72623697917,4.27449544271,6.0068766276,7.81656901042,15.6290690104,99.1617838542,6.0068766276,0.00114678899083,0.100124538482,-0.0215860569978,1480.08537287,531.689557495,1407.058185,5.11725802347,234,13.9342981741,6061.41970573,13.9342981741,6061.41970573,278083.928865,7.9823811849,6.01405075889,208.096304988,4.723549862946219,2.342800297525257,MaxxTurn45/1539863231.172295,711
13.7150388775,20.1963297138,0.107828776042,2.74495442708,4.78312174479,6.22965494792,8.16080729167,16.2679036458,99.6887207031,6.22965494792,0.00113636363636,0.0924725958454,-0.01378369718,1224.06678378,437.773365377,1176.55096788,5.30578064443,9,13.7150388775,6020.90206724,13.7150388775,6020.90206724,261829.479407,8.21838378906,6.02649508389,210.113139111,5.411760831695842,2.434668614805307,MaxxTurn45/1539853463.1590164,666
13.6782879711,20.396944494,0.00813802083333,2.76163736979,4.56624348958,6.44022623698,8.01432291667,16.4286295573,99.9491373698,6.44022623698,0.000809061488673,0.0942152303258,-0.0196234619488,2785.882137,907.645427951,2609.83169023,5.11725802347,12,13.6782879711,8439.50367817,13.6782879711,8439.50367817,372318.864879,7.7875773112,6.299570163,173.806609697,5.692012531759044,2.4861394175717413,MaxxTurn45/1539774881.2323961,415
13.8354426859,20.3822653891,0.0162760416667,2.95817057292,5.06184895833,6.60400390625,8.15226236979,15.0044759115,99.9776204427,6.60400390625,0.00114678899083,0.0903607914923,-0.0133573159223,1124.09694253,428.378290759,1023.43589072,5.33292790185,8,13.8354426859,6018.41756838,13.8354426859,6018.41756838,264173.873742,7.97729492188,6.00649150003,209.537592393,5.48942775649077,2.45961564752486,MaxxTurn45/1539933245.806018,844
14.3434261232,20.176640037,0.00203450520833,2.98868815104,5.36092122396,6.89188639323,8.61002604167,19.9829101562,98.134358724,6.89188639323,0.00126262626263,0.0943332405926,-0.0151061753926,1007.31078706,331.291382216,1014.99758724,5.74466130604,355,14.3434261232,5665.65331867,14.3434261232,5665.65331867,242273.850946,8.79821777344,5.87132659289,224.893341214,5.065815591061494,2.338009773354138,MaxxTurn45/1539843926.4190855,572
13.2050820447,19.1703129115,0.0569661458333,2.74454752604,4.4677734375,6.201171875,8.10546875,15.1590983073,96.9645182292,6.201171875,0.00114678899083,0.0972034686604,-0.0171330949374,1369.75667312,468.078068047,1248.39813623,5.2560106725,41,13.2050820447,5744.21068944,13.2050820447,5744.21068944,235890.037877,8.2021077474,6.0160302227,168.922336208,5.612774209416127,2.4542415559659587,MaxxTurn45/1539788961.5123823,547
14.2610612202,20.495759259,0.01220703125,3.04036458333,4.60693359375,6.58365885417,8.19173177083,19.0405273438,99.9715169271,6.58365885417,0.00113895216401,0.0971222411121,-0.0196056838289,1388.58123495,427.172396408,1338.00355271,5.24846976766,79,14.2610612202,6246.34481443,14.2610612202,6246.34481443,273276.236318,8.82161458333,6.01383489351,196.207572869,4.9732089294910224,2.3408833254621957,MaxxTurn45/1539873107.7412717,820
13.391753166,19.5538563813,0.00203450520833,2.86214192708,4.39290364583,6.51448567708,7.96305338542,15.2327473958,99.4812011719,6.51448567708,0.000806451612903,0.0865111157757,-0.010054588661,2268.10557588,725.710072505,2198.92454073,5.29522337766,553,13.391753166,8289.49520972,13.391753166,8289.49520972,347866.905087,7.89235432943,6.33496526625,177.304052739,5.4910054436877385,2.4359376573293767,MaxxTurn45/1539776293.4380772,424
13.8225287422,19.4869918602,0.0101725260417,2.89713541667,4.80550130208,6.69759114583,8.203125,20.4264322917,96.9604492188,6.69759114583,0.00112107623318,0.0962748983277,-0.011084743539,1407.39831191,507.538701951,1374.34438357,5.5455814183,228,13.8225287422,6151.02529027,13.8225287422,6151.02529027,254199.355203,8.59832763672,6.04395852922,163.901564372,5.492603650458122,2.392543552437897,MaxxTurn45/1539936410.9095924,871
14.052658781,20.8724870949,0.00203450520833,2.93172200521,4.86857096354,6.46260579427,8.04443359375,14.8966471354,99.9959309896,6.46260579427,0.00114678899083,0.094588118171,-0.0117776708598,1273.74649345,400.27629932,1271.21958814,5.17306071927,337,14.052658781,6112.90656973,14.052658781,6112.90656973,275612.479527,8.26416015625,5.94803359724,216.291691787,5.615697875871824,2.4725152059845232,MaxxTurn45/1539869168.3061485,775
14.7270350891,21.1711325054,0.00203450520833,2.7099609375,5.126953125,6.81762695312,8.48388671875,20.4081217448,99.9816894531,6.81762695312,0.00112107623318,0.103450887684,-0.0174775482054,1694.41268465,562.354102836,1650.89746056,5.8261030783,244,14.7270350891,6553.53061465,14.7270350891,6553.53061465,296187.459826,9.38771565755,6.03891516469,224.796862026,4.483724127519261,2.2580777268132466,MaxxTurn45/1539855558.0707247,681
13.452155043,19.6604742956,0.00203450520833,2.86458333333,4.931640625,6.46667480469,8.07291666667,15.1062011719,97.4548339844,6.46667480469,0.000811688311688,0.0888858748331,-0.0151829327569,2393.8381163,917.237153128,2275.07446175,5.25450249153,12,13.452155043,8273.07535147,13.452155043,8273.07535147,349190.216247,7.87963867188,6.27839601842,156.522922914,5.479576110566276,2.444159734299817,MaxxTurn45/1539776535.7446442,427
13.7530676963,20.2745016326,0.00406901041667,2.71443684896,4.67488606771,6.46057128906,7.97688802083,15.956624349,98.5697428385,6.46057128906,0.00115207373272,0.104302623052,-0.015374551368,1626.57394882,545.789376155,1581.7884588,5.38722241669,243,13.7530676963,5955.07831251,13.7530676963,5955.07831251,260076.737362,8.16141764323,5.95961826485,158.067873354,5.156108140461454,2.392250909404551,MaxxTurn45/1539866545.9857836,751
13.9052067355,20.3256912466,0.00203450520833,2.79378255208,5.15706380208,6.70979817708,8.35286458333,16.7854817708,97.0336914062,6.70979817708,0.00114155251142,0.0999088592609,-0.0232579125435,1487.33555704,526.564489526,1421.1797829,5.72505495346,9,13.9052067355,6076.57534339,13.9052067355,6076.57534339,265228.828842,9.21274820964,5.9577860298,174.82461443,5.5948140189364395,2.446973412306877,MaxxTurn45/1539868643.7235901,769
13.4629774057,19.7939344387,0.00203450520833,2.83284505208,4.62972005208,6.396484375,7.95166015625,14.7281901042,99.9796549479,6.396484375,0.00114416475973,0.0914518773269,-0.0183731101474,1168.39335857,374.328106337,1121.26941512,5.19115889089,78,13.4629774057,5869.8581489,13.4629774057,5869.8581489,250031.749879,8.0322265625,5.97003809999,206.030363635,5.521198374343129,2.446706441628677,MaxxTurn45/1539954034.7019353,1015
14.0136770519,20.4804601825,0.00203450520833,2.75634765625,4.59309895833,6.29272460938,7.89957682292,16.7073567708,98.7019856771,6.29272460938,0.00127226463104,0.100884914846,-0.011816471739,1188.22024521,417.621844586,1150.22965568,5.33292790185,36,14.0136770519,5493.36140433,14.0136770519,5493.36140433,241602.681515,8.22143554688,5.89070353047,232.998860265,4.44751732947286,2.2697379246199922,MaxxTurn45/1539789722.2583816,556
14.0246290716,20.5431120671,0.0101725260417,2.7587890625,4.92553710938,6.69352213542,8.55631510417,16.5970865885,95.2982584635,6.69352213542,0.00115473441109,0.0930010073043,-0.01565720302,1197.13358254,442.631603295,1109.88856279,5.5923350283,218,14.0246290716,6058.63975895,14.0246290716,6058.63975895,267479.269389,8.27433268229,6.03872169195,215.821163951,4.822968609523437,2.350337477823536,MaxxTurn45/1539952728.4103582,1000
13.8012012402,20.0554797227,0.00203450520833,2.85237630208,4.55769856771,6.39038085938,8.01147460938,16.6153971354,95.127360026,6.39038085938,0.0011655011655,0.0909589364233,-0.0174906898036,1101.58604011,403.447385896,1026.31294002,5.28466611088,102,13.8012012402,5906.91413079,13.8012012402,5906.91413079,253864.11402,8.15633138021,5.96286594213,217.963400786,4.617145868478403,2.3008072716328343,MaxxTurn45/1539784344.802912,499
13.7450423551,19.8899160606,0.00203450520833,2.94881184896,4.69930013021,6.35172526042,8.05989583333,16.3041178385,98.154703776,6.35172526042,0.00114942528736,0.10146452483,-0.0204660694143,1523.79161018,490.282504447,1448.69098818,5.13083165218,7,13.7450423551,5965.34838212,13.7450423551,5965.34838212,253877.094595,8.17464192708,5.96462741155,165.42010667,5.034013249188352,2.3599142839384477,MaxxTurn45/1539853229.2547057,663
13.5585293162,19.6967118284,0.00203450520833,2.62166341146,4.84008789062,6.53889973958,8.00903320312,16.8078613281,95.1802571615,6.53889973958,0.00114416475973,0.0932818661056,-0.0179231693655,1233.39668215,436.320007353,1127.13748448,5.46263146507,221,13.5585293162,5911.51878188,13.5585293162,5911.51878188,249486.093612,7.91625976562,6.00697033398,188.13028329,5.2424801673376695,2.3880115860473143,MaxxTurn45/1539865728.2194202,742
14.0678351475,20.4367159969,0.00203450520833,2.8759765625,4.93774414062,6.59586588542,8.27921549479,16.5584309896,99.9816894531,6.59586588542,0.000821018062397,0.0909890630782,-0.0224261607581,2473.92428716,842.438385355,2372.16049907,5.43548420766,110,14.0678351475,8553.24376967,14.0678351475,8553.24376967,374460.418642,8.75447591146,6.2676447531,183.387404176,5.099911580535778,2.3736063632062088,MaxxTurn45/1539782568.4848485,478
14.5562594819,21.3957132847,0.0142415364583,2.60213216146,4.66715494792,6.75862630208,8.16040039062,17.8161621094,99.599202474,6.75862630208,0.00114678899083,0.100080115248,-0.0150711226591,1478.38304905,554.960036527,1371.68820523,5.62249864765,238,14.5562594819,6331.97287463,14.5562594819,6331.97287463,291514.522814,8.21278889974,6.02358948156,231.545738217,4.3309286484446705,2.256707309179193,MaxxTurn45/1539951397.8529685,985
14.112305254,20.239392326,0.006103515625,2.83813476562,4.70784505208,6.78304036458,8.31095377604,17.8894042969,93.4549967448,6.78304036458,0.00116009280742,0.101192429566,-0.0257157029693,1481.69127249,499.246280377,1401.80793686,5.61948228572,81,14.112305254,6068.2912592,14.112305254,6068.2912592,261978.926522,8.6924235026,5.99492032673,189.891878696,4.35675988899102,2.2495211874584853,MaxxTurn45/1539783889.6511242,493
13.8010405915,19.5394879521,0.00203450520833,2.98665364583,5.10864257813,6.87459309896,8.30932617188,17.0454915365,97.5728352865,6.87459309896,0.00113895216401,0.101958471929,-0.0171019600033,1575.40397057,569.51902785,1479.98513572,5.61344956185,240,13.8010405915,6044.85577907,13.8010405915,6044.85577907,250840.484868,8.50321451823,5.94984221159,151.522409427,5.07919186627452,2.3680827891070244,MaxxTurn45/1539846534.119446,609
13.5987073024,19.6169381996,0.00406901041667,2.91219075521,4.90478515625,6.44734700521,7.80965169271,16.826171875,99.9877929688,6.44734700521,0.00114416475973,0.0960950576996,-0.0183713155947,1335.83614055,458.626551805,1288.12252694,5.24243704379,79,13.5987073024,5929.03638384,13.5987073024,5929.03638384,248595.534455,8.9599609375,5.99583628067,169.81175448,5.513378088579117,2.4236987024672727,MaxxTurn45/1539938886.8533099,901
14.0233656939,20.8989730015,0.00406901041667,2.75349934896,4.58862304688,6.53686523438,8.22469075521,16.9950358073,98.3662923177,6.53686523438,0.00117647058824,0.098214892515,-0.0199184318151,1326.91113397,461.436200172,1220.05276476,5.33594426379,76,14.0233656939,5945.90705423,14.0233656939,5945.90705423,268767.522536,8.24584960938,5.95133910494,201.453630549,5.1831362727397785,2.401409582817354,MaxxTurn45/1539873336.5023072,823
13.0694215117,18.503814004,0.00203450520833,2.98217773438,5.27547200521,6.96614583333,8.50382486979,15.2921549479,99.7985839844,6.96614583333,0.000495540138751,0.0651639742313,-0.00814079307699,3324.23587654,1226.25824921,2983.29424693,5.58931866636,595,13.0694215117,13173.9768838,13.0694215117,13173.9768838,517477.328417,8.13802083333,6.75801953606,176.460989294,6.713366425480276,2.6006301687628444,MaxxTurn45/1539777913.114158,436
13.3027562778,19.4786294319,0.0162760416667,2.73030598958,4.38842773438,6.36189778646,7.60294596354,15.9851074219,94.9361165365,6.36189778646,0.00116009280742,0.100520119912,-0.020320951585,1456.32385556,502.01699859,1385.13816829,5.20624070056,238,13.3027562778,5720.18519945,13.3027562778,5720.18519945,239420.504851,7.64770507812,5.96538593975,167.017464201,5.209531157820058,2.394465063576861,MaxxTurn45/1539867478.8608363,763
14.2074642368,20.8304364059,0.00406901041667,3.00333658854,4.78637695313,6.396484375,8.26985677083,18.4065755208,99.7517903646,6.396484375,0.00112866817156,0.0995441893828,-0.0190090508637,1512.08412333,550.131784436,1543.59492968,5.14289709992,28,14.2074642368,6279.69919266,14.2074642368,6279.69919266,281207.383478,8.26314290365,6.01805167809,174.317658259,5.263614157152713,2.4054879404698273,MaxxTurn45/1539862764.7881565,705
13.9242795914,20.2596574857,0.00406901041667,2.82267252604,5.00122070312,6.63655598958,8.38948567708,15.8414713542,99.892171224,6.63655598958,0.00119047619048,0.0918285956539,-0.0132482841902,1075.38633538,378.629842161,1101.72598121,5.51390961798,379,13.9242795914,5834.27314879,13.9242795914,5834.27314879,253412.045381,7.98543294271,5.92288275337,231.563650424,5.124442784435974,2.387260844543781,MaxxTurn45/1539954755.0278454,1024
13.4032146836,19.7197177178,0.00406901041667,2.69490559896,4.47062174479,6.35172526042,7.84545898438,14.9633789063,98.0712890625,6.35172526042,0.00112866817156,0.0946215996137,-0.0152784082776,1323.2364882,441.153039486,1243.1508016,5.50184417024,42,13.4032146836,5924.22089013,13.4032146836,5924.22089013,251462.582544,8.53474934896,5.96910232436,180.062395349,5.12169207818031,2.3889864001582906,MaxxTurn45/1539867009.0027378,757
13.9096540746,20.7579182577,0.00406901041667,2.64322916667,4.59431966146,6.4208984375,8.09692382812,15.7482910156,99.9938964844,6.4208984375,0.000813008130081,0.0867566034179,-0.0159989235738,2242.94495189,762.566046075,2127.38204441,5.4988278083,554,13.9096540746,8540.52760178,13.9096540746,8540.52760178,383556.441652,8.40047200521,6.27172922556,216.95279446,5.087237806130696,2.397234020539283,MaxxTurn45/1539767578.14983,391
13.0849981451,19.6789470321,0.00203450520833,2.76692708333,4.17602539063,6.18998209635,7.77221679688,13.2450358073,97.3205566406,6.18998209635,0.00112612612613,0.0958701889939,-0.0127776007022,1377.41042937,509.810596292,1296.47144147,5.03883261315,243,13.0849981451,5796.65417829,13.0849981451,5796.65417829,247577.029984,7.55513509115,6.00977531146,191.547464245,5.780787582752252,2.4988992611048038,MaxxTurn45/1539863963.378872,720
13.5683869435,20.3951594789,0.00203450520833,2.70589192708,4.4287109375,6.42598470052,8.21736653646,15.7454427083,99.814860026,6.42598470052,0.000814332247557,0.0940322236354,-0.0165934008675,2732.98087742,884.562136364,2637.47649621,5.36309152121,338,13.5683869435,8317.42119639,13.5683869435,8317.42119639,368023.121282,7.92083740234,6.26048051034,167.728545479,5.641625921470897,2.483319684460045,MaxxTurn45/1539782803.8778186,481
13.4239278814,19.7690726744,0.00203450520833,3.00699869792,4.9658203125,6.48498535156,7.98787434896,14.9336751302,97.1415201823,6.48498535156,0.00115207373272,0.0925722126027,-0.0135906176637,1188.56652751,357.341388334,1189.80972078,5.05843896573,245,13.4239278814,5812.56077264,13.4239278814,5812.56077264,247431.027955,7.80029296875,5.95584184573,204.556441071,5.907822518355191,2.5298224998206584,MaxxTurn45/1539938375.6591463,895
13.9765325582,20.8362327037,0.00406901041667,2.6904296875,4.96378580729,6.35782877604,7.93212890625,15.5843098958,99.9389648438,6.35782877604,0.00117924528302,0.103535223203,-0.0175121501665,1514.02863584,527.244637834,1394.43243179,5.42341875991,74,13.9765325582,5912.07327213,13.9765325582,5912.07327213,266470.482995,8.13496907552,5.99618638466,192.724317254,5.264424723564474,2.4148923762293886,MaxxTurn45/1539953278.8101358,1006
13.8526386927,19.9363130252,0.00406901041667,2.91259765625,5.05004882812,6.73421223958,8.39233398437,16.7500813802,99.9816894531,6.73421223958,0.00114416475973,0.0994182106912,-0.0233180104879,1460.76635245,587.225649594,1385.1412775,5.65869499088,241,13.8526386927,6039.75047003,13.8526386927,6039.75047003,257149.444243,8.94368489583,5.99130821666,190.287300364,5.282103507190193,2.4023164258886673,MaxxTurn45/1539948292.2670896,952
13.8097244013,20.1889679551,0.00406901041667,2.69449869792,4.55200195312,6.35477701823,8.19742838542,17.5520833333,99.8046875,6.35477701823,0.000819672131148,0.0937765724663,-0.0122654825777,2675.63018097,861.70318592,2561.82215286,5.34348516863,334,13.8097244013,8410.12216036,13.8097244013,8410.12216036,364557.183803,8.35266113281,6.28073480565,154.291020235,5.081230134124221,2.3699150617968976,MaxxTurn45/1539782062.694547,472
13.6915572269,20.478170351,0.00406901041667,2.66153971354,4.19637044271,6.00992838542,7.65502929687,15.8374023438,98.6673990885,6.00992838542,0.00113122171946,0.0983758690156,-0.0145274980664,1458.80276173,511.903307477,1373.33876608,5.1157498425,39,13.6915572269,6037.97673704,13.6915572269,6037.97673704,267792.521036,7.76011149089,5.98620940214,199.045751742,4.804313347506005,2.3411136201942147,MaxxTurn45/1539866781.6732707,754
14.1208761053,20.2637908064,0.00203450520833,2.92358398438,4.56176757813,6.50838216146,8.12133789062,18.0436197917,99.658203125,6.50838216146,0.00116279069767,0.100948161513,-0.0208343596906,1464.65042325,528.517151398,1429.75838257,5.31935427314,7,14.1208761053,6057.85584916,14.1208761053,6057.85584916,261898.133506,8.53627522786,5.97430510627,201.77344913,4.877518310601852,2.3173731641861255,MaxxTurn45/1539865256.587621,736
13.6162912155,20.0033634576,0.01220703125,2.90283203125,4.70540364583,6.46158854167,8.20515950521,15.6632486979,99.9552408854,6.46158854167,0.00112866817156,0.092093494756,-0.0169223384116,1229.97127105,437.846303287,1209.34014725,5.29371519669,244,13.6162912155,6018.40071725,13.6162912155,6018.40071725,258993.171135,8.38928222656,6.00789664162,206.472916373,5.706240225031008,2.4766490593936656,MaxxTurn45/1539935587.837271,868
13.7508977658,19.4427098243,0.0569661458333,2.73844401042,5.23071289062,6.80541992188,8.58561197917,16.5486653646,96.9889322917,6.80541992188,0.00113378684807,0.0924460387658,-0.0140231848384,1229.66445087,436.248763194,1135.45203416,5.69790769604,75,13.7508977658,6050.39501695,13.7508977658,6050.39501695,249715.795248,8.62630208333,6.03637547394,177.361915366,5.334099423225206,2.3788112936138894,MaxxTurn45/1539848388.604168,621
13.670538977,18.7955040706,0.00203450520833,3.16040039062,5.29337565104,6.73217773438,8.64664713542,18.4488932292,94.9727376302,6.73217773438,0.00115207373272,0.0939383004412,-0.0143778996065,1236.89020684,487.203258695,1177.42820906,5.33443608282,6,13.670538977,5919.34337704,13.670538977,5919.34337704,234073.829415,9.12017822266,5.95588310164,183.603789756,5.205071832953701,2.3579975307808945,MaxxTurn45/1539847878.96713,615
13.8000395804,19.7894789579,0.00406901041667,2.89794921875,4.77620442708,6.52872721354,8.01554361979,16.8924967448,97.987874349,6.52872721354,0.00113636363636,0.0933275965873,-0.0154686805987,1255.03211666,433.094137726,1164.72685333,5.38571423572,81,13.8000395804,6058.21737578,13.8000395804,6058.21737578,255716.787254,7.67923990885,6.05211736788,183.916940059,4.752206633364658,2.3191477540140477,MaxxTurn45/1539932555.679447,841
13.8758732722,19.9347381328,0.00203450520833,2.85847981771,4.89624023438,6.67521158854,8.42244466146,16.9002278646,96.9685872396,6.67521158854,0.00128205128205,0.0972896629318,-0.0181292839647,1058.01592252,445.585899862,1078.64124039,5.54708959927,221,13.8758732722,5397.7147029,13.8758732722,5397.7147029,229676.727177,8.76922607422,5.83793412236,206.012592847,5.342564886343467,2.3892454617050287,MaxxTurn45/1539783663.3386142,490
13.7308390831,20.3554346313,0.006103515625,2.75309244792,4.51578776042,6.36901855469,8.09244791667,15.9252929688,99.7823079427,6.36901855469,0.000816993464052,0.0983878996232,-0.0204668348184,3028.70109941,1004.53430174,2859.10002696,5.34650153056,11,13.7308390831,8389.5426798,13.7308390831,8389.5426798,368548.008787,8.24839274089,6.27839849237,158.282049921,5.533718914838396,2.456881222317077,MaxxTurn45/1539779071.1246924,442
13.8806777627,20.0325630159,0.00203450520833,2.97648111979,5.22054036458,6.47888183594,8.43709309896,15.625,98.1119791667,6.47888183594,0.00114678899083,0.0953922155992,-0.0168887942379,1302.9863442,425.349227871,1244.88520588,5.39325514056,80,13.8806777627,6038.09482679,13.8806777627,6038.09482679,258572.579535,8.48439534505,5.97427500076,185.020518865,5.634277894458666,2.4601296399858534,MaxxTurn45/1539848138.8273041,618
13.5020925552,19.9798131781,0.01220703125,2.67496744792,4.28670247396,6.31917317708,8.04565429688,15.4520670573,97.5830078125,6.31917317708,0.00112866817156,0.0904140340799,-0.0194144594298,1169.40988331,394.689246658,1092.32675742,5.32387881604,240,13.5020925552,5967.9249094,13.5020925552,5967.9249094,257205.0581,8.09529622396,6.02236215778,197.774646352,5.221489178546795,2.40595575227717,MaxxTurn45/1539868902.5611076,772
13.4012335186,19.7655522846,0.00203450520833,2.78645833333,4.57153320313,6.38732910156,7.82430013021,14.3404134115,97.5321451823,6.38732910156,0.00116822429907,0.0940611031847,-0.0180984165015,1201.35032951,439.592590374,1115.27278217,5.22132251024,383,13.4012335186,5722.32671244,13.4012335186,5722.32671244,243684.932991,7.50783284505,5.98664253182,213.494849646,5.6619863362005365,2.4589350642321053,MaxxTurn45/1539949816.1102145,967
13.8226125035,20.3400093151,0.0386555989583,2.72583007812,4.4140625,6.21643066406,7.74943033854,16.5588378906,99.8901367188,6.21643066406,0.00113122171946,0.0908635071953,-0.0180504981314,1179.17716495,421.385357024,1134.25668825,5.28466611088,25,13.8226125035,6095.77211406,13.8226125035,6095.77211406,266899.307172,8.92537434896,6.03875964211,232.613379959,5.1703105031451475,2.385261100231453,MaxxTurn45/1539873794.130889,829
13.315435352,19.6872349779,0.067138671875,2.72013346354,4.26025390625,6.31103515625,7.93050130208,14.2130533854,93.310546875,6.31103515625,0.00116009280742,0.0988350202264,-0.0149747099255,1393.48518091,485.165673585,1328.0754207,5.22132251024,77,13.315435352,5725.63720137,13.315435352,5725.63720137,243079.157886,7.88981119792,5.99613435954,180.515473782,5.363957377834932,2.4236397653267434,MaxxTurn45/1539954995.5658493,1027
13.9242331705,20.5829315201,0.00203450520833,2.78157552083,4.58577473958,6.30900065104,8.13313802083,16.348063151,98.1262207031,6.30900065104,0.000814332247557,0.0891647549868,-0.019771882059,2395.16625079,823.176829206,2348.15144998,5.28014156798,121,13.9242331705,8535.5549335,13.9242331705,8535.5549335,378746.725288,8.41979980469,6.27036393964,194.847144005,5.263301152013426,2.4108054817530515,MaxxTurn45/1539768171.92729,397
10.2426655144,18.5440546128,0.00203450520833,0.0101725260417,2.52115885417,3.87369791667,6.14420572917,11.0237630208,99.9084472656,3.87369791667,0.000927643784787,0.0881545296161,0.00484358406826,1728.53816217,397.047392709,1662.07532963,5.73108767733,224,10.2426655144,5510.55404673,10.2426655144,5510.55404673,241556.169374,9.59879557292,5.52127168981,153.263765826,8.34632249998182,2.8867469062304822,MaxxTurn45/1539843317.8462138,566
13.5987343071,20.1870661835,0.0284830729167,2.85237630208,4.77701822917,6.27034505208,7.94270833333,17.0043945312,99.8575846354,6.27034505208,0.00113378684807,0.099897622217,-0.0196070940343,1510.30774939,531.098430911,1413.94109958,5.18512616701,243,13.5987343071,5983.44309512,13.5987343071,5983.44309512,260859.940549,8.12174479167,6.02380137542,190.762526786,5.455729900800108,2.4540749838360343,MaxxTurn45/1539851074.855967,648
14.0731517859,19.9490120222,0.006103515625,2.90608723958,4.88647460938,6.48396809896,7.88655598958,18.2731119792,99.3937174479,6.48396809896,0.00115473441109,0.092647056019,-0.0136489939293,1184.7280555,415.852953326,1173.59284871,5.24545340572,222,14.0731517859,6079.60157152,14.0731517859,6079.60157152,257677.260161,8.45743815104,5.94349968804,220.887414635,4.1148557307848135,2.1917243785880025,MaxxTurn45/1539938110.608032,892
13.8333729631,20.4782745722,0.00203450520833,2.82348632813,4.54874674479,6.47176106771,8.20678710938,16.2438964844,98.8403320312,6.47176106771,0.000814332247557,0.0921375475413,-0.0181610856327,2599.35175374,875.405379391,2442.31756544,5.33745244475,12,13.8333729631,8479.85762639,13.8333729631,8479.85762639,374563.909583,8.57442220052,6.29706419984,171.479544334,5.486021568236012,2.4457102679566676,MaxxTurn45/1539781379.8105493,466
14.1489501767,20.3131694962,0.00203450520833,2.71484375,4.94344075521,6.55721028646,8.21411132812,17.538655599,97.8556315104,6.55721028646,0.00114416475973,0.103791484514,-0.0158984336713,1631.6466533,588.656117875,1562.38901619,5.69187497217,77,14.1489501767,6168.94227704,14.1489501767,6168.94227704,267388.686484,8.8134765625,5.9811721533,161.430634068,4.892397965240977,2.316730469728434,MaxxTurn45/1539863734.1742258,717
13.6923012413,20.213008898,0.00203450520833,2.88289388021,4.78108723958,6.35172526042,8.32316080729,17.2078450521,99.7965494792,6.35172526042,0.00117370892019,0.0978624012092,-0.0177908426089,1321.51762183,443.480553463,1255.09715146,5.16099527153,234,13.6923012413,5819.22802753,13.6923012413,5819.22802753,253506.53696,8.26924641927,5.96086484299,204.019823862,6.201365036416453,2.540490719415963,MaxxTurn45/1539787985.9778118,535
13.2487026702,19.3537957054,0.00203450520833,2.74129231771,4.73836263021,6.35782877604,7.88614908854,15.9236653646,99.7253417969,6.35782877604,0.00116822429907,0.094219271481,-0.0135264696541,1206.84387353,421.445096395,1165.39053989,5.41436967411,388,13.2487026702,5657.19604017,13.2487026702,5657.19604017,235067.17371,8.30993652344,5.94718411156,202.171429658,5.588023444107561,2.4633884370767576,MaxxTurn45/1539954277.731383,1018
13.9224989843,19.838356718,0.00203450520833,3.08634440104,5.15747070312,6.57958984375,8.54899088542,16.1926269531,99.4181315104,6.57958984375,0.00127877237852,0.0938992872657,-0.00961598012985,964.57659888,344.135621731,955.850442729,5.16401163347,71,13.9224989843,5429.77460388,13.9224989843,5429.77460388,229278.422321,7.96915690104,5.8754089027,201.934832287,5.355970029648235,2.3967214448293124,MaxxTurn45/1539843661.9084291,569
13.4796274689,20.1669832527,0.0773111979167,2.64689127604,4.50236002604,6.32731119792,8.08919270833,14.9190266927,98.0428059896,6.32731119792,0.000811688311688,0.0850249621795,-0.0161650947546,2137.80779247,723.220657034,2066.4041998,5.29522337766,12,13.4796274689,8289.97089336,13.4796274689,8289.97089336,362052.356038,8.1782023112,6.36078520373,198.950228117,5.494534387578822,2.4728631068595193,MaxxTurn45/1539781148.953433,463
13.5324690077,20.124638332,0.00203450520833,2.84952799479,4.77213541667,6.36494954427,7.81819661458,14.9353027344,99.9104817708,6.36494954427,0.00115740740741,0.096107911245,-0.0115290141068,1301.03896915,440.457768374,1209.43319081,5.15647072863,9,13.5324690077,5832.49414232,13.5324690077,5832.49414232,253666.634241,7.99001057943,5.94852226778,198.882069857,5.5854539885019605,2.4729483000358043,MaxxTurn45/1539941069.607354,925
13.552991317,20.031908293,0.00203450520833,2.83447265625,4.48608398438,6.15030924479,8.27351888021,15.7063802083,97.8861490885,6.15030924479,0.00112359550562,0.0883987191971,-0.0142776630273,1110.1339659,374.206784166,1089.91598584,5.0644716896,227,13.552991317,6017.52814475,13.552991317,6017.52814475,259906.333606,8.251953125,5.9679966078,208.466167208,5.562208222162244,2.4559931005823237,MaxxTurn45/1539853715.9218073,669
14.0006715734,21.0128859465,0.00406901041667,2.87475585938,4.88077799479,6.4219156901,8.05257161458,15.8854166667,99.9348958333,6.4219156901,0.00114678899083,0.0975159648668,-0.0210158290916,1381.40361422,434.302262998,1321.90140283,5.2650597583,236,14.0006715734,6090.29213442,14.0006715734,6090.29213442,277534.697238,8.31247965495,5.98459307681,203.355966047,5.433849859985619,2.4599047326377947,MaxxTurn45/1539937648.5074499,886
13.6222980327,19.8800701818,0.00203450520833,3.13313802083,4.5654296875,6.49820963542,8.20922851562,14.8071289062,99.5279947917,6.49820963542,0.00110864745011,0.0956745171478,-0.0119817680846,1420.51144546,532.500924184,1344.04583427,5.08256986121,252,13.6222980327,6130.03411473,13.6222980327,6130.03411473,261538.45436,8.29162597656,6.00906415652,188.55935788,5.864872731150882,2.4978732113694453,MaxxTurn45/1539844207.608547,575
14.0570948271,20.6568938937,0.01220703125,2.97485351563,5.09521484375,6.73014322917,8.35815429687,15.2714029948,99.1882324219,6.73014322917,0.00114416475973,0.101665889727,-0.0140460610415,1547.67298702,522.003448323,1476.81192341,5.39023877862,43,14.0570948271,6128.89334463,14.0570948271,6128.89334463,272396.404532,8.05053710938,6.00655053977,179.398161223,5.639647197563061,2.484196022271976,MaxxTurn45/1539844445.483183,578
13.5827490745,19.6714714638,0.00203450520833,2.76896158854,4.64477539062,6.35172526042,7.84098307292,17.5760904948,96.152750651,6.35172526042,0.00112107623318,0.101230954427,-0.0156583224051,1603.41990021,520.134422655,1502.71504219,5.28919065379,8,13.5827490745,6044.32333817,13.5827490745,6044.32333817,254483.239651,7.93863932292,5.9687932014,161.316311406,5.092481156259074,2.361230687432833,MaxxTurn45/1539938624.131296,898
13.7769972816,20.2579553637,0.00203450520833,3.03100585938,4.71720377604,6.591796875,8.05623372396,17.0572916667,99.3448893229,6.591796875,0.00113895216401,0.0980286142498,-0.0185930526486,1422.90310989,462.649605313,1357.93315106,5.14289709992,81,13.7769972816,6034.32480936,13.7769972816,6034.32480936,263073.205066,7.7870686849,5.97748879742,180.226895179,5.567492979154167,2.4604776464003746,MaxxTurn45/1539933500.4822576,847
13.3917892078,19.9099053646,0.00203450520833,2.87109375,4.56095377604,6.44124348958,7.91056315104,14.8221842448,95.0744628906,6.44124348958,0.000826446280992,0.0894736866858,-0.018333328298,2337.02838889,746.530109699,2222.08185891,5.13988073798,113,13.3917892078,8088.6406815,13.3917892078,8088.6406815,347928.927305,7.69856770833,6.23120805492,192.244493541,5.676073715931997,2.49732786341022,MaxxTurn45/1539768405.0772216,400
13.9944571036,19.6032112364,0.00203450520833,2.81046549479,5.18310546875,6.55822753906,8.3349609375,18.4822591146,93.5180664062,6.55822753906,0.00115740740741,0.0936055921585,-0.010769247166,1211.82746011,426.532770341,1131.34325075,5.52446688475,39,13.9944571036,6031.61101165,13.9944571036,6031.61101165,250232.185324,8.90808105469,5.92026746999,197.204158495,4.219949832803358,2.2044876685189623,MaxxTurn45/1539854247.8136997,675
13.414255778,19.679875026,0.00203450520833,2.75268554688,4.76399739583,6.58569335938,8.24137369792,15.7576497396,99.403889974,6.58569335938,0.00115740740741,0.0939467022952,-0.0190002531237,1223.8500203,440.947862191,1143.3619655,5.60138411411,236,13.414255778,5781.54424032,13.414255778,5781.54424032,244660.269817,8.87705485026,6.00303407119,202.203672743,6.277007135229528,2.553905489371406,MaxxTurn45/1539951943.5310912,991
13.8946206562,20.4735882988,0.0223795572917,2.73234049479,4.59187825521,6.34256998698,8.0322265625,15.6534830729,99.8229980469,6.34256998698,0.00114678899083,0.0941162354593,-0.0126548377593,1256.70240346,409.43040418,1218.6673102,5.34650153056,217,13.8946206562,6044.15998546,13.8946206562,6044.15998546,266512.371422,8.29315185547,5.99377320314,209.276015224,5.062467395108413,2.366702825794917,MaxxTurn45/1539872129.8354397,808
13.6639358058,19.9183289122,0.0101725260417,2.86743164063,4.56909179688,6.43412272135,8.01635742188,16.2622070313,96.4823404948,6.43412272135,0.00113636363636,0.0961600013195,-0.0125180230158,1359.64837996,438.69562809,1342.61945199,5.33443608282,45,13.6639358058,5998.46781875,13.6639358058,5998.46781875,256318.166252,8.21584065755,6.00759106987,207.765687067,5.206243543494114,2.395301114588656,MaxxTurn45/1539949270.0858183,961
13.8811210609,20.5238294117,0.0101725260417,2.9296875,4.58577473958,6.50431315104,8.37198893229,15.8813476562,98.8484700521,6.50431315104,0.00114678899083,0.093963629599,-0.0149688910864,1251.2086224,476.659147995,1220.74826914,5.31633791121,219,13.8811210609,6038.28766149,13.8811210609,6038.28766149,267244.88212,8.5947672526,6.01285064847,191.235263333,5.454440793968203,2.459985450768307,MaxxTurn45/1539787752.9819348,532
13.1793155848,19.9522362654,0.00813802083333,2.63549804688,4.49991861979,6.2978108724,7.880859375,14.3872070313,96.9807942708,6.2978108724,0.00116822429907,0.0970200400653,-0.0180765590398,1305.64969121,440.300130979,1281.20182896,5.21227342443,6,13.1793155848,5627.56775473,13.1793155848,5627.56775473,244326.355333,7.73468017578,5.99513700598,225.20701637,5.485759354420612,2.490111597119924,MaxxTurn45/1539947558.164653,943
13.9767385084,20.377599196,0.00203450520833,2.74739583333,4.90030924479,6.59383138021,8.49853515625,16.8526204427,97.5362141927,6.59383138021,0.00116279069767,0.10215408901,-0.0198902336739,1510.25404129,560.841973959,1436.9441591,5.66171135281,39,13.9767385084,5996.02082009,13.9767385084,5996.02082009,262140.93383,9.23055013021,5.94654813874,190.356216342,5.1793629745787655,2.396803905815211,MaxxTurn45/1539850152.1883683,639
13.9197780661,20.8249453804,0.0406901041667,2.70100911458,4.98942057292,6.30493164062,8.00821940104,15.7820638021,99.9979654948,6.30493164062,0.00114155251142,0.0901000060692,-0.0157832029405,1127.32804785,407.045360505,1034.61074202,5.37666514992,330,13.9197780661,6082.9430149,13.9197780661,6082.9430149,274384.415969,8.3485921224,6.03354844563,228.60932269,5.690345073514321,2.47772645313814,MaxxTurn45/1539934004.254481,853
14.1428767024,20.225111464,0.00203450520833,3.00984700521,5.12451171875,6.64265950521,8.19417317708,17.1248372396,95.8272298177,6.64265950521,0.00112612612613,0.0962380734441,-0.0158492851533,1391.43709835,545.132027126,1241.82840322,5.29974792056,247,14.1428767024,6265.29437916,14.1428767024,6265.29437916,270020.731112,7.99051920573,6.01228818929,167.036763727,4.5438464804190275,2.271947179498137,MaxxTurn45/1539861754.4920955,693
13.6402665523,20.2647209926,0.00406901041667,2.82511393229,4.37093098958,6.34765625,7.93416341146,15.3308105469,99.9715169271,6.34765625,0.000822368421053,0.0974906613333,-0.0171609611645,2920.05619139,936.585447507,2805.20692085,5.18060162411,59,13.6402665523,8279.64179725,13.6402665523,8279.64179725,362392.540508,7.8623453776,6.237990717,135.853733145,5.534318388779004,2.4512284431793376,MaxxTurn45/1539783110.3459804,484
13.7142474835,19.966220249,0.00203450520833,2.86173502604,4.96378580729,6.79728190104,8.34309895833,15.6188964844,98.1262207031,6.79728190104,0.000801282051282,0.0858309597755,-0.0169912778504,2255.57440878,781.127498539,2099.17456096,5.56066322798,560,13.7142474835,8543.9761822,13.7142474835,8543.9761822,365721.203933,7.99509684245,6.30185993031,188.424749533,5.24095597816158,2.409317668682914,MaxxTurn45/1539774203.6900575,412
13.6228942871,19.8748541751,0.006103515625,2.841796875,4.76481119792,6.41682942708,8.22306315104,16.8184407552,98.5799153646,6.41682942708,0.00113636363636,0.101581398188,-0.0183285536018,1568.61258842,580.467586168,1432.36988661,5.40230422637,238,13.6228942871,5980.45059204,13.6228942871,5980.45059204,255065.944158,8.02408854167,6.03006268487,177.053410596,5.631814898733605,2.4465939347612924,MaxxTurn45/1539870594.5451405,790
5.38402492717,14.4267368727,0.00203450520833,0.00406901041667,0.006103515625,0.00813802083333,0.0162760416667,6.31469726563,98.0224609375,0.00813802083333,0.000313873195229,0.091796118555,-0.0311457896507,19828.1130403,6058.03292134,19109.8409618,0.00904908580631,1529,5.38402492717,8571.36768406,5.38402492717,8571.36768406,377521.57797,4.05476888021,4.24500854907,67.5662104742,18.085644216374586,4.111688191552784,MaxxTurn45/1539775529.087104,421
13.580934501,19.8486101052,0.00203450520833,2.73315429688,4.49340820313,6.44327799479,7.80151367187,15.9301757813,98.6470540365,6.44327799479,0.00115740740741,0.100177498628,-0.0144318237379,1451.15198501,535.986949547,1365.86907903,5.28768247282,241,13.580934501,5853.38276993,13.580934501,5853.38276993,249478.766049,7.72857666016,5.95372907468,159.759771326,4.948695153720425,2.3472285827817045,MaxxTurn45/1539940381.9306014,919
13.8516297155,20.5793235633,0.00406901041667,2.72135416667,4.88037109375,6.59790039062,8.18074544271,16.0526529948,99.9532063802,6.59790039062,0.000821018062397,0.0803125219757,-0.012635872426,1792.26999434,599.908762176,1702.17323947,5.64662954314,331,13.8516297155,8421.79086703,13.8516297155,8421.79086703,374340.599738,8.58764648438,6.26197926394,187.142266344,5.714874355504287,2.477829985080295,MaxxTurn45/1539779296.4767165,445
14.2607500012,20.2338768994,0.006103515625,3.11279296875,5.00569661458,6.83186848958,8.49080403646,16.5759277344,94.9523925781,6.83186848958,0.000905797101449,0.101519517296,-0.0169186985408,2602.68811966,931.502538381,2497.24923743,5.40381240733,56,14.2607500012,7857.67325065,14.2607500012,7857.67325065,337844.468492,8.5199991862,6.25388995462,164.146681858,4.960351994690555,2.3532757417322765,MaxxTurn45/1539783365.0102794,487
13.8293618274,20.2895483877,0.124104817708,2.70304361979,4.40511067708,6.39444986979,7.97403971354,15.9330240885,99.9857584635,6.39444986979,0.0011655011655,0.0976965120497,-0.0184546424363,1337.15664163,451.991630375,1227.3243291,5.29371519669,237,13.8293618274,5918.96686213,13.8293618274,5918.96686213,258239.736805,8.35367838542,5.97054854554,193.847178458,5.061601325976067,2.363270741939161,MaxxTurn45/1539947793.8222756,946
13.5038931609,19.5116211181,0.00203450520833,2.69571940104,4.59065755208,6.38427734375,8.06844075521,16.2064615885,94.9829101562,6.38427734375,0.0011655011655,0.0977509003517,-0.0226503218699,1339.12672004,468.897364599,1272.62283578,5.5410568754,39,13.5038931609,5779.66627285,13.5038931609,5779.66627285,241171.38849,8.52457682292,5.95703374605,194.57850662,4.965974410974939,2.3592218829231713,MaxxTurn45/1539951671.2391338,988
13.5979315771,19.8559583894,0.006103515625,2.81982421875,4.59594726562,6.44734700521,8.12174479167,16.2556966146,99.9776204427,6.44734700521,0.00113378684807,0.0924179502596,-0.0133208140188,1228.64771255,446.116554718,1176.22804408,5.46564782701,240,13.5979315771,5983.08989394,13.5979315771,5983.08989394,255016.547508,9.11458333333,5.95587093838,234.09134872,5.752916755864904,2.478562278968812,MaxxTurn45/1539940813.8529766,922
13.8099862345,19.9633683723,0.00203450520833,2.96997070313,4.677734375,6.43208821615,8.52905273438,17.6883951823,99.9674479167,6.43208821615,0.00117924528302,0.0908289416968,-0.0165356163567,1066.8967777,391.9630803,1086.7140054,5.16551981443,218,13.8099862345,5841.62417718,13.8099862345,5841.62417718,249444.225666,8.24991861979,5.91341874165,202.184724957,5.419605487597373,2.4103351559342108,MaxxTurn45/1539849905.2950788,636
13.8485066275,20.0290783789,0.006103515625,2.95735677083,4.76277669271,6.55924479167,8.28409830729,16.669514974,98.5046386719,6.55924479167,0.00112359550562,0.0955666694879,-0.0205652489242,1373.02494399,442.886811624,1376.29044157,5.23942068185,244,13.8485066275,6148.73694259,13.8485066275,6148.73694259,263459.412869,7.87353515625,6.05328468846,191.536033907,5.38836245974082,2.4193412581707094,MaxxTurn45/1539786937.1923714,523
13.9737097573,19.9564472076,0.00203450520833,2.96142578125,4.64721679688,6.60196940104,8.22224934896,18.5721842448,99.4099934896,6.60196940104,0.00118483412322,0.094288862482,-0.0129375796222,1169.76276274,391.837480529,1122.35976709,5.27561702508,73,13.9737097573,5882.93180782,13.9737097573,5882.93180782,250069.015717,8.6430867513,5.95856034958,184.545138169,5.183651025154278,2.3683644281081473,MaxxTurn45/1539850831.8287823,645
13.6416344048,19.8471931671,0.00813802083333,2.56795247396,4.43806966146,6.4208984375,8.19417317708,15.8565266927,97.5728352865,6.4208984375,0.000810372771475,0.0969372695571,-0.0189675568021,2974.9395497,976.247295688,2867.10956881,5.54407323733,60,13.6416344048,8403.24679333,13.6416344048,8403.24679333,357469.337951,7.99153645833,6.29125485369,150.375289934,4.685899721982967,2.3130118519082217,MaxxTurn45/1539782347.9170697,475
13.7749863552,19.9848165686,0.00203450520833,3.05094401042,5.0,6.36189778646,7.98136393229,16.3981119792,97.2249348958,6.36189778646,0.00115473441109,0.0922535413082,-0.0184967143736,1170.99141321,376.393327175,1133.14409946,5.08558622315,392,13.7749863552,5950.79410544,13.7749863552,5950.79410544,254699.587752,7.95694986979,5.96407759977,207.414598171,5.20329718738118,2.3872135215972956,MaxxTurn45/1539862020.776538,696
13.8226139429,20.4902138478,0.00203450520833,2.88614908854,4.67407226563,6.47786458333,8.04443359375,16.7488606771,99.9735514323,6.47786458333,0.000814332247557,0.0858906709425,-0.0168228480182,2178.03497719,828.000924117,2087.5805606,5.24092886282,97,13.8226139429,8473.26234699,13.8226139429,8473.26234699,374681.052259,8.00526936849,6.2307174839,204.123639542,5.499856800590592,2.452347090413819,MaxxTurn45/1539768640.7809675,403
13.3344705936,19.5937148605,0.00203450520833,2.69449869792,4.31803385417,6.30696614583,7.69938151042,15.9411621094,99.9755859375,6.30696614583,0.00115207373272,0.0964609587701,-0.00977808604544,1327.98671695,439.945302436,1261.63367236,5.3495178925,40,13.3344705936,5773.82576704,13.3344705936,5773.82576704,243403.33367,7.82725016276,5.97542990157,203.768452869,5.638570375077558,2.453900024348333,MaxxTurn45/1539939667.1389508,910
13.8546745978,20.1906114137,0.00406901041667,2.89794921875,4.50602213542,6.18489583333,8.0859375,16.8192545573,99.2879231771,6.18489583333,0.00113895216401,0.100345369968,-0.0211170739488,1512.08126406,472.172976281,1529.51509843,4.99811172702,243,13.8546745978,6068.34747384,13.8546745978,6068.34747384,262822.3573,8.3994547526,5.99550416558,176.692676468,4.8722136057948315,2.3360407766165694,MaxxTurn45/1539785550.775644,514
14.2827797229,20.8831969075,0.00203450520833,2.79947916667,4.73510742188,6.28763834635,8.26253255208,17.1081542969,98.6694335938,6.28763834635,0.00115207373272,0.090692242352,-0.0106453361356,1123.22229394,382.562407891,1090.2549188,5.48223781766,391,14.2827797229,6184.44362002,14.2827797229,6184.44362002,277369.770093,9.15273030599,5.95264761909,228.188295666,4.7009894603199305,2.304418867000498,MaxxTurn45/1539939406.3814805,907
13.963201383,19.9325175541,0.103759765625,2.78523763021,4.91333007812,6.82576497396,8.27229817708,17.7673339844,97.2290039062,6.82576497396,0.00113378684807,0.0964853416958,-0.0143192336254,1379.09477933,507.47510587,1367.32982185,5.71902222959,78,13.963201383,6143.80860851,13.963201383,6143.80860851,260796.520511,8.36791992188,6.03951899857,187.894479019,4.627775212583549,2.286187848772164,MaxxTurn45/1539862497.5299973,702
13.599334366,19.945859167,0.00406901041667,2.78930664062,4.59350585938,6.07096354167,7.80558268229,16.5450032552,99.9776204427,6.07096354167,0.00114942528736,0.101502737713,-0.0127781228419,1525.26937739,532.844872362,1457.16449145,5.04938987992,7,13.599334366,5902.11111485,13.599334366,5902.11111485,253111.111704,7.95491536458,5.97873694501,191.702018507,5.302263689550719,2.395178630396242,MaxxTurn45/1539872383.8493233,811
13.2928539694,19.3112721813,0.0223795572917,2.72176106771,4.52962239583,6.50024414062,8.115234375,16.1376953125,96.9401041667,6.50024414062,0.000814332247557,0.0891390777597,-0.0127341418159,2393.43178483,835.420746455,2282.58558927,5.48525417959,12,13.2928539694,8148.51948327,13.2928539694,8148.51948327,337096.947514,8.11055501302,6.32401600082,129.038868234,5.595018836771663,2.452878639566145,MaxxTurn45/1539781839.2845745,469
13.9342803497,20.686937635,0.00203450520833,2.94230143229,4.68546549479,6.34358723958,8.02286783854,15.0248209635,98.2747395833,6.34358723958,0.00112612612613,0.0928709355896,-0.0156897970779,1265.05947353,453.356404703,1177.25169253,5.04335715605,26,13.9342803497,6172.88619491,13.9342803497,6172.88619491,275790.470176,7.9111735026,6.01617578486,234.124502692,4.840090052338947,2.3670395520109837,MaxxTurn45/1539870859.9381595,793
13.8284324952,20.1574023278,0.00203450520833,2.83365885417,4.63094075521,6.5907796224,8.11116536458,17.0499674479,98.7935384115,6.5907796224,0.000814332247557,0.0900249200742,-0.0143533897581,2453.5580387,771.766769725,2381.18718234,5.34499334959,111,13.8284324952,8476.82911959,13.8284324952,8476.82911959,366487.177254,8.25907389323,6.2689583269,168.668530852,5.059342705872524,2.3722252532391086,MaxxTurn45/1539779920.3811874,451
13.806062447,19.5922817548,0.00203450520833,3.11360677083,5.14892578125,6.68233235677,8.388671875,15.3348795573,95.3592936198,6.68233235677,0.00116279069767,0.0965377873529,-0.0193359895819,1302.47874846,452.754951825,1308.574657,5.42945148379,79,13.806062447,5922.80078977,13.806062447,5922.80078977,246636.034296,8.67411295573,5.92937256088,174.652359289,5.273986010875719,2.3882101223399532,MaxxTurn45/1539860232.9746199,684
13.719831867,20.1701802845,0.00203450520833,2.77954101562,4.96500651042,6.54703776042,8.17220052083,15.5008951823,99.8189290365,6.54703776042,0.00115740740741,0.0894355934643,-0.0176236669934,1068.38930453,371.047903192,1026.10108721,5.32840335895,333,13.719831867,5913.24753467,13.719831867,5913.24753467,256663.386188,8.25042724609,5.96151856156,219.826266503,5.212187876896127,2.416824009721906,MaxxTurn45/1539871834.823349,805
14.219343982,20.4141221286,0.006103515625,2.87150065104,4.8388671875,6.76066080729,8.21573893229,17.7982584635,97.6440429688,6.76066080729,0.00114942528736,0.104572107205,-0.0260704091855,1645.7852848,539.533592518,1578.52644061,5.70092405797,41,14.219343982,6171.19528818,14.219343982,6171.19528818,268816.128237,9.44519042969,5.97372517695,168.904635562,5.00465054795605,2.3541388166277026,MaxxTurn45/1539933743.6987958,850
14.0363314101,20.5368243055,0.185139973958,3.03548177083,4.91129557292,6.57450358073,8.54085286458,16.8395996094,99.8250325521,6.57450358073,0.00114678899083,0.0961862871645,-0.0202531889876,1332.10452589,497.069009546,1249.50013108,5.32387881604,77,14.0363314101,6105.80416338,14.0363314101,6105.80416338,269366.210724,8.14717610677,6.0426669269,213.520391177,5.607528947513595,2.4631407660494062,MaxxTurn45/1539860624.3439968,687
13.6270694355,19.7033494484,0.00406901041667,2.86092122396,4.72371419271,6.298828125,7.78035481771,17.2684733073,97.2920735677,6.298828125,0.00114155251142,0.0965482088284,-0.0143902086811,1359.80611507,461.920047145,1281.80874486,5.31332154927,42,13.6270694355,5955.02934332,13.6270694355,5955.02934332,250988.30041,7.95644124349,5.94470697155,167.080904595,4.9702424262834475,2.343821070720248,MaxxTurn45/1539866060.4621706,745
13.7073453555,19.9643323754,0.006103515625,2.83365885417,4.65983072917,6.46057128906,7.98787434896,16.9327799479,95.6949869792,6.46057128906,0.00113122171946,0.0970493400655,-0.0261098433561,1407.8126179,473.256018829,1335.44270343,5.31030518734,7,13.7073453555,6044.93930178,13.7073453555,6044.93930178,258819.346113,8.22601318359,6.0536729311,195.974625354,5.157980777619565,2.3929275339778897,MaxxTurn45/1539862250.1829941,699
13.5684199414,20.0705776441,0.00203450520833,2.63102213542,4.32902018229,6.28458658854,7.91707356771,16.9108072917,99.9857584635,6.28458658854,0.00115207373272,0.0919008776999,-0.015122837857,1165.07829691,445.37423381,1052.19916514,5.41738603604,7,13.5684199414,5875.12583462,13.5684199414,5875.12583462,254324.838209,8.38623046875,5.97415743111,204.01237356,5.881870750859923,2.4861768626312832,MaxxTurn45/1539864948.1786497,733
14.0155227096,20.2678442933,0.00203450520833,2.9931640625,4.8095703125,6.61315917969,8.46354166667,18.1005859375,97.6013183594,6.61315917969,0.00115740740741,0.10374212603,-0.0151390153966,1587.75274557,557.345277135,1492.79715768,5.32538699701,332,14.0155227096,6040.69028784,14.0155227096,6040.69028784,261908.422588,8.77532958984,5.95689664249,187.78014837,5.17495495323209,2.3822530525140406,MaxxTurn45/1539953786.2703774,1012
13.8222675176,20.379051482,0.00203450520833,2.84138997396,4.35262044271,6.33544921875,8.01432291667,17.2062174479,99.6561686198,6.33544921875,0.00116279069767,0.100275964029,-0.0183639987414,1439.46551941,482.218211345,1355.48522669,5.3495178925,76,13.8222675176,5929.75276503,13.8222675176,5929.75276503,260319.846272,8.67513020833,5.9349627623,202.740272365,5.186952019546048,2.395004912668822,MaxxTurn45/1539952448.1299973,997
