mean,std,min,20%,40%,50%,60%,80%,max,median,acfmean,acfstd,acfmedian,qstatmean,qstatstd,qstatmedian,mda,max_index,sma_sim,sma_adv,sma_sim_abs,sma_adv_abs,energy,iqr,entropy,autoreg_coeff,kurtosis,skewness,length,trace:id,qr
13.8682085683,22.6785427126,0.0,2.25708007813,4.3212890625,6.01806640625,7.91137695312,13.1494140625,100.0,6.01806640625,0.000375093773443,0.0737713976197,-0.0129723506136,8356.24735034,2805.19089874,7693.37406106,5.51089325604,646,13.8682085683,18472.4538129,13.8682085683,18472.4538129,941441.48048,7.82470703125,6.68482504418,232.399494385,5.760879290401123,2.5799537931909082,1333,MaxxTurn45/1539950787.6893477,979
13.6135638031,21.8266675924,0.0,2.50854492188,4.41650390625,6.40563964844,7.71240234375,13.1982421875,100.0,6.40563964844,0.000378214826021,0.0790570899788,-0.0122156011204,9623.12068259,2903.87688567,9337.30821982,5.26204339637,825,13.6135638031,17983.5177839,13.6135638031,17983.5177839,874334.011301,7.53173828125,6.74404016514,181.095836979,6.356783973781287,2.656304005083543,1322,MaxxTurn45/1539934495.453325,856
13.2483231394,21.6043503289,0.0,2.31323242188,4.2724609375,6.16149902344,7.71118164062,12.4597167969,100.0,6.16149902344,0.000375939849624,0.0788265999295,-0.0147333946489,9683.3545168,3533.57866573,9187.68928766,5.33896062572,140,13.2483231394,17607.0214523,13.2483231394,17607.0214523,853747.057505,7.55920410156,6.71601678452,200.375712173,6.9017629478606235,2.743320960886336,1330,MaxxTurn45/1539871593.6375291,802
13.8273951519,22.2489267307,0.0,2.40112304688,4.42749023438,6.21337890625,7.83203125,13.8244628906,100.0,6.21337890625,0.000376506024096,0.0743443701258,-0.0115202463499,8438.76413041,3039.61629142,8343.28108893,5.40230422637,269,13.8273951519,18348.9533666,13.8273951519,18348.9533666,910793.986544,7.86895751953,6.78450995392,233.714083491,6.090105851432007,2.6200372542269053,1328,MaxxTurn45/1539936672.1011436,874
13.0750873272,21.620973097,0.0,2.2607421875,4.287109375,5.77087402344,7.23754882812,12.4609375,100.0,5.77087402344,0.000384615384615,0.0757917934974,-0.0150368244538,8427.69783363,2755.23551385,7876.21289475,5.07201259444,1168,13.0750873272,16984.5384381,13.0750873272,16984.5384381,829484.235682,7.44323730469,6.72798760628,217.870693944,6.811451475228328,2.7436848992443092,1300,MaxxTurn45/1539939907.386454,913
13.5035484256,22.2110600159,0.0,2.34252929688,4.33715820312,5.908203125,7.4267578125,13.271484375,100.0,5.908203125,0.000381679389313,0.0851405904273,-0.0186712743834,11155.63015,3331.83786022,11022.6930635,5.10368439476,731,13.5035484256,17676.1448891,13.5035484256,17676.1448891,884643.548131,7.42797851562,6.70456071945,205.209699472,6.321605190534321,2.6692191569503536,1310,MaxxTurn45/1539864473.3160963,727
14.0328207134,22.4603141553,0.0,2.5146484375,4.55322265625,6.33544921875,8.0322265625,13.9221191406,100.0,6.33544921875,0.000385802469136,0.0789954744898,-0.0186143128368,9206.81173946,2862.0803908,8858.44488484,5.41587785508,40,14.0328207134,18172.5028238,14.0328207134,18172.5028238,908491.491079,7.77435302734,6.69282358017,241.148604555,6.059884188561167,2.61364064278587,1296,MaxxTurn45/1539852972.8482218,660
13.3639569216,21.6601346653,0.0,2.4560546875,4.29443359375,6.24084472656,8.02612304688,12.7429199219,100.0,6.24084472656,0.000390015600624,0.0766839346523,-0.011421345258,8402.50300436,2846.64815899,8217.32041334,5.3027642825,32,13.3639569216,17119.2288165,13.3639569216,17119.2288165,829955.02837,7.45239257812,6.64917973182,193.368492694,6.6021892900847,2.706368347785422,1282,MaxxTurn45/1539786140.0293653,520
13.6762518315,22.0218107055,0.0,2.43896484375,4.3359375,6.01806640625,7.58666992188,13.5754394531,100.0,6.01806640625,0.000394011032309,0.0691993098716,-0.0109937755234,6457.77787954,2234.14461715,6424.39618439,5.21227342443,70,13.6762518315,17341.4873224,13.6762518315,17341.4873224,852283.053696,7.568359375,6.69362273374,227.101915843,6.348325528438876,2.6498256963085334,1269,MaxxTurn45/1539952189.0838616,994
13.7358170235,22.6172988489,0.0,2.22412109375,4.36157226563,5.89904785156,7.61840820312,13.1945800781,100.0,5.89904785156,0.000370919881306,0.0719245323744,-0.0126735180834,8070.31443365,2478.39660276,7841.8627064,5.29823973959,258,13.7358170235,18502.1455306,13.7358170235,18502.1455306,943378.111348,7.70416259766,6.76549503853,239.042423341,6.179067159915306,2.6536058402376943,1348,MaxxTurn45/1539867240.4088647,760
13.8867122122,22.2980321502,0.0,2.36450195312,4.32739257812,6.201171875,7.77099609375,14.5959472656,100.0,6.201171875,0.000382555470543,0.0830439286832,-0.0165863751912,10497.8968359,3600.23214416,9544.70918886,5.46564782701,548,13.8867122122,18136.0461491,13.8867122122,18136.0461491,901389.016844,8.13903808594,6.79422297688,221.340138619,6.288573347256115,2.6467130209915792,1307,MaxxTurn45/1539952996.7378776,1003
14.8473312866,22.9933683173,0.0,3.18603515625,5.283203125,7.01599121094,8.51928710938,14.5361328125,100.0,7.01599121094,0.000380517503805,0.0748747262055,-0.012472581197,8385.04986682,3003.28621597,8045.91042755,5.49279508443,550,14.8473312866,19494.5459793,14.8473312866,19494.5459793,983838.943057,8.01086425781,6.70563690185,252.95065436,5.64564227818458,2.5520567043786713,1314,MaxxTurn45/1539930046.1094997,835
13.8180294552,22.4194047396,0.0,2.41455078125,4.37133789062,6.18286132812,7.64526367187,13.9038085938,100.0,6.18286132812,0.0003861003861,0.0767293485544,-0.0119511789756,8598.44358629,2860.6037822,8474.46418623,5.39325514056,38,13.8180294552,17880.5301151,13.8180294552,17880.5301151,897667.473033,7.91320800781,6.81149364877,234.573559503,6.331892360500177,2.667113559226197,1295,MaxxTurn45/1539935086.584245,862
13.6295077828,21.7258791014,0.0,2.58666992188,4.49584960938,6.18286132812,7.9248046875,12.8747558594,100.0,6.18286132812,0.000380228136882,0.0846283528442,-0.022037204724,11095.160719,3477.31319881,10235.7342437,5.19417525282,146,13.6295077828,17909.1732266,13.6295077828,17909.1732266,864505.142421,7.65075683594,6.71240242725,188.854554214,6.268534916810809,2.6424118474768497,1315,MaxxTurn45/1539849646.9578729,633
12.9019807025,21.2485522891,0.0,1.826171875,3.837890625,5.55114746094,7.25830078125,12.1435546875,100.0,5.55114746094,0.000381097560976,0.0700667007013,-0.0143610387351,7155.2535328,2033.86598841,6825.05023447,5.55161414217,657,12.9019807025,16914.4967009,12.9019807025,16914.4967009,810314.748548,7.82165527344,6.72193997193,191.466894621,6.795194728327607,2.7214598302381146,1312,MaxxTurn45/1539789180.8189752,550
13.1937348378,22.0041144467,0.0,1.70654296875,3.9794921875,5.82275390625,7.52319335938,12.1655273438,100.0,5.82275390625,0.000367917586461,0.0719898179762,-0.00477992915242,8230.91647033,2233.28599962,8838.53536517,5.56518777088,382,13.1937348378,17917.0919097,13.1937348378,17917.0919097,894085.303769,7.90100097656,6.81231265295,225.362331265,6.660349192007152,2.713696495631992,1359,MaxxTurn45/1539845981.8048153,581
7.70005610951,15.1993009232,0.0,0.067138671875,0.894775390625,2.28881835938,4.84741210937,9.43359375,100.0,2.28881835938,0.000877192982456,0.0962869590132,-0.0148786622652,2455.33351016,786.607464229,2628.06265333,3.35268629124,373,7.70005610951,4381.33192631,7.70005610951,4381.33192631,165245.460458,8.06579589844,5.57730132072,123.297189084,17.350869870593936,3.8570489346107553,570
14.1784341578,22.6406238807,0.0,2.59765625,4.79370117188,6.37817382812,7.9248046875,13.1372070313,100.0,6.37817382812,0.000381970970206,0.0776140101711,-0.0151375779115,9033.81979573,2977.05491789,8412.80254455,5.18512616701,655,14.1784341578,18545.3918783,14.1784341578,18545.3918783,933623.633087,7.53173828125,6.72990959322,204.205388963,5.7149572149811565,2.5637749473667473,1309,MaxxTurn45/1539846898.8558867,612
13.7241641224,21.9810557783,0.0,2.32421875,4.52392578125,6.33544921875,7.73193359375,12.8723144531,100.0,6.33544921875,0.000383141762452,0.083907081948,-0.0200080121761,10709.8070586,3182.85320979,10637.08656,5.57423685669,776,13.7241641224,17896.3100156,13.7241641224,17896.3100156,875849.772841,7.763671875,6.76344349425,200.533288588,5.884217981420596,2.5935881438254063,1305,MaxxTurn45/1539788742.5597947,544
13.9655182802,22.1481913316,0.0,2.46337890625,4.72412109375,6.42700195312,7.939453125,14.2297363281,100.0,6.42700195312,0.000268240343348,0.0694687573657,-0.00696761965363,14927.8486674,5138.07456789,14185.2875867,5.48827054153,951,13.9655182802,26017.7605559,13.9655182802,26017.7605559,1277426.99891,7.72705078125,6.97680543076,213.12531682,6.087670574710968,2.612773883717465,1864,MaxxTurn45/1539775289.401106,418
13.8965813598,22.4523763356,0.0,2.36083984375,4.38110351563,6.06079101562,7.92846679688,13.0395507812,100.0,6.06079101562,0.000381970970206,0.0718206508975,-0.00794327206171,7547.00783657,2634.3947358,7500.89556895,5.32086245411,504,13.8965813598,18176.7284186,13.8965813598,18176.7284186,912162.337974,7.4462890625,6.69050625906,223.195913068,5.961358226137648,2.598857913894766,1309,MaxxTurn45/1539785330.3479466,511
13.862087393,22.215513501,0.0,2.35717773438,4.4189453125,6.21337890625,8.0078125,13.5595703125,100.0,6.21337890625,0.000272182906914,0.0748371642211,-0.0153727168377,17090.745516,5631.66785276,16333.7815564,5.4565987412,936,13.862087393,25450.7924536,13.862087393,25450.7924536,1259112.58433,7.71484375,6.92093858459,190.155754648,5.933597238842095,2.5889147028415755,1837,MaxxTurn45/1539779647.7070727,448
13.7592161691,22.4658410243,0.0,2.51708984375,4.28344726563,6.01196289062,7.55859375,12.4328613281,100.0,6.01196289062,0.0003808073115,0.0735390295761,-0.0108683158041,8028.77175549,2786.17275201,7593.02846958,5.06748805153,252,13.7592161691,18052.0916139,13.7592161691,18052.0916139,910756.731816,7.37915039062,6.72553357686,228.500188461,5.987627745957525,2.61926470118857,1313,MaxxTurn45/1539864243.8894439,724
14.411122996,23.0066710683,0.0,2.54760742188,4.36279296875,6.26220703125,7.89184570312,13.9990234375,100.0,6.26220703125,0.000372300819062,0.0795349376156,-0.0210774488429,10089.2881985,3321.62102303,9346.89093825,5.26656793927,642,14.411122996,19339.7270606,14.411122996,19339.7270606,989244.743958,7.8857421875,6.76753071174,200.68169349,5.377150029022147,2.504090073821516,1343,MaxxTurn45/1539788212.9184132,538
13.413966198,21.456332893,0.03662109375,2.47680664063,4.16748046875,5.99365234375,7.82592773438,12.8247070313,100.0,5.99365234375,0.000385208012327,0.0765706750754,-0.012517295798,8600.21754884,2729.56472179,8103.69829681,5.24846976766,725,13.413966198,17397.9141588,13.413966198,17397.9141588,830660.331845,7.49969482422,6.73703212384,219.675215287,6.298563241207148,2.6382736064936965,1298,MaxxTurn45/1539784573.107643,502
14.0449855639,22.8477029025,0.0,2.33642578125,4.4970703125,6.05163574219,7.69165039062,14.2663574219,100.0,6.05163574219,0.000388198757764,0.0754940500329,-0.0182935811644,8186.19278236,2772.42191353,7648.57897256,5.32538699701,258,14.0449855639,18075.8964207,14.0449855639,18075.8964207,925909.524336,7.64617919922,6.76051043772,237.594473241,5.741577857916637,2.573927717414052,1288,MaxxTurn45/1539785111.3025906,508
14.5586826213,22.3906119817,0.0,3.0419921875,5.29174804688,7.12890625,8.46923828125,15.029296875,100.0,7.12890625,0.000418410041841,0.0720248696137,-0.0110953096365,6228.85773343,1915.84641878,6064.94535707,5.5923350283,138,14.5586826213,17383.0670498,14.5586826213,17383.0670498,851885.880269,7.90100097656,6.69874658146,229.282773003,6.265625136545127,2.6354749226851664,1195,MaxxTurn45/1539843032.6787276,563
13.7134302442,22.2694039679,0.0244140625,2.36572265625,4.24438476563,6.005859375,7.73193359375,13.4533691406,100.0,6.005859375,0.000389408099689,0.0740686903175,-0.010025366802,7779.20599505,2771.44744085,6987.68159171,5.40682876927,889,13.7134302442,17594.3310033,13.7134302442,17594.3310033,877740.200087,7.79571533203,6.71448080931,175.222840058,6.153860107564634,2.635119093850428,1284,MaxxTurn45/1539951131.9031782,982
13.1737811749,21.5877883842,0.0,2.43286132812,4.2822265625,5.90515136719,7.51586914062,12.0422363281,100.0,5.90515136719,0.000384615384615,0.0776454682828,-0.0135446204794,8909.48244019,2837.33164633,8265.51676912,5.12630710927,269,13.1737811749,17112.7417462,13.1737811749,17112.7417462,830989.420488,7.49053955078,6.72028901944,217.66296956,6.755881482821183,2.732326447933175,1300,MaxxTurn45/1539869632.805362,781
12.9754671113,21.322593444,0.03662109375,2.13623046875,4.03076171875,5.89599609375,7.67333984375,12.0886230469,100.0,5.89599609375,0.000379650721336,0.0751023888867,-0.0156443720307,8485.70798957,2397.641774,8384.84715901,5.17607708121,143,12.9754671113,17075.7147184,12.9754671113,17075.7147184,820057.073869,7.33642578125,6.69547009611,201.346688747,6.773273524370982,2.733532999639192,1317,MaxxTurn45/1539954521.26221,1021
13.7834371488,22.1731296638,0.0,2.34741210938,4.35791015625,6.28662109375,7.81860351562,13.0444335938,100.0,6.28662109375,0.000390930414386,0.0754613679081,-0.0137631722631,8055.2773298,2786.71545792,7723.00191607,5.54708959927,478,13.7834371488,17615.2326761,13.7834371488,17615.2326761,871314.169466,7.96203613281,6.67937628996,210.402540433,5.943252839906583,2.5983076832082994,1279,MaxxTurn45/1539948750.4873638,955
13.018070485,21.1962314722,0.0244140625,2.5146484375,4.384765625,6.01806640625,7.783203125,12.2814941406,100.0,6.01806640625,0.000397772474145,0.0772893279733,-0.018384272216,8201.43699476,2545.63796927,8241.30202247,5.1579789096,450,13.018070485,16350.6965291,13.018070485,16350.6965291,777319.957204,7.373046875,6.79099362081,206.221680598,7.347258058623689,2.822472591642411,1257,MaxxTurn45/1539789482.7455406,553
13.4411241108,22.1353962484,0.0,2.0068359375,4.013671875,5.7861328125,7.46826171875,13.0261230469,100.0,5.7861328125,0.000389105058366,0.0710139828196,-0.00915277645041,7058.80825329,2390.01541817,6495.49499273,5.43850056959,643,13.4411241108,17258.4033583,13.4411241108,17258.4033583,861281.890236,7.72094726562,6.75293500096,234.392063877,6.188160759634913,2.6403846735598506,1285,MaxxTurn45/1539874020.3838706,832
14.0756697309,22.0499609963,0.0,2.4853515625,4.71435546875,6.45751953125,7.958984375,14.7521972656,100.0,6.45751953125,0.000394321766562,0.0835459923847,-0.0178881215249,9978.32438925,3103.94226202,9594.09903547,5.57876139959,38,14.0756697309,17833.873549,14.0756697309,17833.873549,867238.226756,8.02459716797,6.7027950224,201.647949944,5.776173282865301,2.5567343095516297,1268,MaxxTurn45/1539953538.7255042,1009
13.9649327498,22.3143841393,0.0,2.48413085938,4.453125,6.09741210938,7.50122070312,13.5400390625,100.0,6.09741210938,0.000383729854183,0.0759801692477,-0.0112310628832,8518.25999644,3046.48323775,7758.24242226,5.23942068185,77,13.9649327498,18182.3424403,13.9649327498,18182.3424403,902417.33361,7.62939453125,6.71159016337,202.577617155,5.6351128368048204,2.5405249814385193,1303,MaxxTurn45/1539940147.177461,916
13.8751177837,22.5102618814,0.006103515625,2.33154296875,4.46166992188,6.34155273438,7.7392578125,13.5498046875,100.0,6.34155273438,0.000270124257158,0.0779420534333,-0.0190449382305,18994.0479732,6624.17664252,17370.350174,5.40230422637,933,13.8751177837,25668.9678998,13.8751177837,25668.9678998,1293769.46833,7.6416015625,6.97373687508,180.332052579,6.07570545359223,2.625998449298363,1851,MaxxTurn45/1539777050.611705,433
12.887820682,21.2270858401,0.0,2.36328125,4.21630859375,5.84106445312,7.23022460938,12.6586914062,100.0,5.84106445312,0.000375375375375,0.0699970693138,-0.0134499103795,7377.81143795,2194.17937763,7355.41763563,5.09011076605,149,12.887820682,17153.6893278,12.887820682,17153.6893278,820973.957628,7.36846923828,6.75764915168,212.033190033,7.280607039325259,2.8072374584977657,1332,MaxxTurn45/1539866294.9194806,748
13.1373052487,21.2030078902,0.0,2.30590820312,4.42993164062,6.005859375,7.55249023438,12.5219726563,100.0,6.005859375,0.000383141762452,0.0849500254587,-0.0157129628125,11010.4141013,3622.6060059,10583.038612,5.23942068185,740,13.1373052487,17131.0460444,13.1373052487,17131.0460444,811464.446746,7.67822265625,6.76953310932,156.290775233,6.8720486467646165,2.729799848662878,1305,MaxxTurn45/1539936909.149092,877
13.7581781129,22.2472492451,0.0,2.37548828125,4.28344726563,6.14624023438,7.763671875,13.310546875,100.0,6.14624023438,0.000272182906914,0.0708216796402,-0.0111212079084,15113.7659245,4899.50320526,14477.9902759,5.21227342443,936,13.7581781129,25260.0150152,13.7581781129,25260.0150152,1256431.09489,7.45239257812,6.95561943083,196.829346568,5.868969917034805,2.5915340472619053,1837,MaxxTurn45/1539776780.647135,430
13.4387122586,22.1315292818,0.0,2.23388671875,4.0283203125,6.01196289062,7.44018554688,12.7685546875,100.0,6.01196289062,0.000384319754035,0.073800508743,-0.0145604089947,7936.29925883,2444.29781887,7655.29339162,5.27561702508,258,13.4387122586,17470.3259362,13.4387122586,17470.3259362,871705.247164,7.67822265625,6.69633216578,237.992762997,6.451564629841007,2.6833875947927415,1301,MaxxTurn45/1539862997.7963278,708
13.9000675596,22.1775437737,0.0,2.34985351562,4.41650390625,6.45141601562,7.75756835938,13.84765625,100.0,6.45141601562,0.000431034482759,0.079336463567,-0.0184297950308,7328.74673457,2414.36547181,6951.94292365,5.47922145572,570,13.9000675596,16110.1783016,13.9000675596,16110.1783016,794172.334708,7.66906738281,6.60784196843,199.433067666,6.185761510315128,2.6178023241784003,1160,MaxxTurn45/1539789942.2105412,559
14.2121250644,22.7155455678,0.0,2.607421875,4.45190429688,6.24084472656,7.98706054688,14.3505859375,100.0,6.24084472656,0.000383435582822,0.0749021975403,-0.00949472707954,8255.12329902,2872.42027292,7839.9523239,5.34348516863,819,14.2121250644,18518.3989589,14.2121250644,18518.3989589,935730.588101,7.80487060547,6.70759598856,204.486820723,5.826282120759069,2.5753063669830207,1304,MaxxTurn45/1539855082.6318893,678
13.7065212883,21.9318792026,0.0,2.56591796875,4.30419921875,6.08520507812,7.91625976562,13.5498046875,100.0,6.08520507812,0.0003861003861,0.0722713998534,-0.00995105371202,7481.91781181,2641.51598081,7237.8759577,5.17607708121,250,13.7065212883,17736.2385471,13.7065212883,17736.2385471,865713.47896,7.48901367188,6.68923344694,210.900615153,6.221193270385282,2.6311184590466983,1295,MaxxTurn45/1539787493.6799,529
13.1768822035,21.530786443,0.0,2.39624023438,4.32861328125,6.25610351562,7.76000976562,12.5170898438,100.0,6.25610351562,0.000380228136882,0.0804838059632,-0.0200938650365,9909.12429237,3187.40732577,9137.9007333,5.28466611088,39,13.1768822035,17314.4232155,13.1768822035,17314.4232155,837460.986376,7.37915039062,6.67791961623,206.776239678,6.891273185749636,2.753876807990956,1315,MaxxTurn45/1539949020.0393448,958
13.6527373412,22.1923577274,0.0,2.28759765625,4.22607421875,5.93872070312,7.40966796875,13.4704589844,100.0,5.93872070312,0.000389408099689,0.0771654250444,-0.0114089265924,8553.12967357,2630.6280715,8082.22337455,5.28466611088,794,13.6527373412,17516.4620088,13.6527373412,17516.4620088,871212.503538,7.80181884766,6.70262950247,204.32244921,6.112569815997627,2.621700289886789,1284,MaxxTurn45/1539950052.0751345,970
14.0318593098,22.0482658557,0.0,2.47802734375,4.92065429688,6.48803710938,7.97607421875,14.3176269531,100.0,6.48803710938,0.000387897595035,0.0804622698937,-0.0153743038535,9490.28417063,2827.54754881,9349.58222113,5.57423685669,73,14.0318593098,18073.0347911,14.0318593098,18073.0347911,879925.497659,7.62329101562,6.71850537446,179.205803042,5.887050220214162,2.5755259029385265,1289,MaxxTurn45/1539852669.8982103,657
13.4623976487,22.2129277597,0.0,2.37670898438,4.21142578125,5.87463378906,7.38037109375,13.4289550781,100.0,5.87463378906,0.000384615384615,0.0815341020845,-0.0136707428599,9957.99325152,3616.71360231,9002.11917559,5.04486533702,605,13.4623976487,17487.6545457,13.4623976487,17487.6545457,876551.988982,7.31353759766,6.71218084679,231.478738263,6.406044512779733,2.6854283157691197,1300,MaxxTurn45/1539872864.8581455,817
13.9966751514,22.6139109265,0.0,2.30102539062,4.30419921875,6.18591308594,7.87841796875,13.9599609375,100.0,6.18591308594,0.000377643504532,0.0793625383953,-0.0134245133283,9739.25045486,3058.26496955,9257.20633778,5.36158334024,966,13.9966751514,18517.6012252,13.9966751514,18517.6012252,935948.359706,7.87811279297,6.7557203007,217.487705092,5.628560160864671,2.5529873085730954,1324,MaxxTurn45/1539871358.5164235,799
13.4549236151,22.3902995861,0.0,2.10327148438,4.40063476562,6.02416992188,7.4462890625,13.1066894531,100.0,6.02416992188,0.000384024577573,0.0795221972376,-0.016458094633,9440.06484337,3133.84815714,8904.42310894,5.38420605475,662,13.4549236151,17504.8556233,13.4549236151,17504.8556233,887932.026014,7.83081054688,6.73247358718,216.813722187,6.519660286697455,2.718159441704808,1302,MaxxTurn45/1539864720.4634354,730
13.9202806765,22.5626620684,0.018310546875,2.3486328125,4.36767578125,6.05773925781,7.60620117188,13.486328125,100.0,6.05773925781,0.000379362670713,0.0696387876134,-0.00758869678204,7122.72636584,2606.69513182,6474.53235941,5.34800971153,675,13.9202806765,18333.009651,13.9202806765,18333.009651,925844.502933,7.8857421875,6.7319485404,226.574496202,5.980563491049628,2.5982295324050915,1318,MaxxTurn45/1539939170.7213504,904
13.7367091408,22.4175146953,0.0,2.20947265625,4.25415039062,6.0302734375,7.53173828125,13.0493164062,100.0,6.0302734375,0.000381388253242,0.0797626914796,-0.0157253304667,9645.94191959,2811.47515769,9112.62437663,5.37515696895,667,13.7367091408,17995.0889745,13.7367091408,17995.0889745,905715.904683,7.81860351562,6.80693507288,182.814756881,6.045407367643268,2.6137679224567405,1311,MaxxTurn45/1539871118.8928962,796
14.0695649961,22.4325201262,0.0,2.55493164062,4.61181640625,6.4453125,7.84545898438,13.4606933594,100.0,6.4453125,0.0003861003861,0.0803884129023,-0.0170868955413,9564.80719392,3091.28772146,9071.01909006,5.29371519669,263,14.0695649961,18206.0171049,14.0695649961,18206.0171049,907512.732856,7.51037597656,6.708164413,203.550102753,5.697043031792495,2.552522688438083,1295,MaxxTurn45/1539852241.4985137,654
14.0981835483,22.6919358993,0.0,2.38037109375,4.24560546875,6.17065429688,7.74291992187,13.5998535156,100.0,6.17065429688,0.000387897595035,0.0772789426397,-0.0137383209995,8654.02156692,2850.79056126,8658.0923556,5.38420605475,812,14.0981835483,18158.4604102,14.0981835483,18158.4604102,919422.120452,7.92236328125,6.67782586401,240.340420027,5.772113930585553,2.5665656244912833,1289,MaxxTurn45/1539935337.7276201,865
13.5790629559,22.4576636756,0.0,2.11669921875,4.16748046875,5.91430664062,7.5390625,12.6257324219,100.0,5.91430664062,0.000376506024096,0.0818120064195,-0.0164453376707,10499.9623042,3252.47341485,10031.1322704,5.32991153992,148,13.5790629559,18019.4165425,13.5790629559,18019.4165425,914139.197469,7.68432617188,6.71557045745,219.834970433,6.215953305445343,2.653999381622835,1328,MaxxTurn45/1539872630.812847,814
13.5093044109,21.7823979072,0.0,2.49633789062,4.32739257812,6.1767578125,7.685546875,13.0187988281,100.0,6.1767578125,0.000274423710209,0.0727856838573,-0.0114304956822,15791.0972802,4750.36137802,15232.222296,5.21679796734,886,13.5093044109,24600.4433323,13.5093044109,24600.4433323,1196532.45442,7.46307373047,6.91050029222,188.755638223,6.542484462367719,2.6872135861079927,1822,MaxxTurn45/1539767836.4780653,394
14.0273319039,22.5784019716,0.0,2.44750976562,4.37866210938,6.26831054688,7.82958984375,13.6120605469,100.0,6.26831054688,0.000379075056861,0.0827587675908,-0.0181559776945,10621.017175,2834.07540575,10091.8431142,5.42040239798,45,14.0273319039,18488.0234493,14.0273319039,18488.0234493,931430.02972,7.87048339844,6.71404385049,186.973826104,5.94794892521838,2.598501873138312,1319,MaxxTurn45/1539863465.9748561,714
13.7237846399,22.4163570699,0.0,2.24609375,4.21752929688,6.03332519531,7.82470703125,12.8845214844,100.0,6.03332519531,0.000270855904659,0.0761018347972,-0.0164610351888,17919.0900453,5466.93912337,17242.8864878,5.41587785508,938,13.7237846399,25320.3826607,13.7237846399,25320.3826607,1274779.52451,7.61871337891,6.95721613904,190.493271703,6.074446682678904,2.6284028250154345,1846,MaxxTurn45/1539780437.5640476,457
13.4728599152,22.0038158398,0.0,2.39990234375,4.49462890625,6.17065429688,7.59887695312,12.4328613281,100.0,6.17065429688,0.000376789751319,0.0785386105508,-0.0158114019742,9556.78473175,3139.27493858,9108.33956684,5.32086245411,662,13.4728599152,17865.0122475,13.4728599152,17865.0122475,882880.976014,7.51953125,6.66671745926,199.587053989,6.670264919277123,2.72003515996407,1327,MaxxTurn45/1539937394.4538643,883
13.984470279,22.4244049102,0.0,2.35107421875,4.5849609375,6.2744140625,8.00903320312,14.31640625,100.0,6.2744140625,0.000386398763524,0.0758189902889,-0.0163530966658,8351.10891389,2741.85803567,7920.75551812,5.48374599862,654,13.984470279,18081.9200707,13.984470279,18081.9200707,903251.777925,8.05053710938,6.6994563089,245.102545192,5.967948550306456,2.5989483496157884,1294,MaxxTurn45/1539949540.1394966,964
13.7591071122,22.371635031,0.018310546875,2.31811523438,4.28955078125,6.04248046875,7.74536132812,12.607421875,100.0,6.04248046875,0.000379362670713,0.0740320330016,-0.0116659600091,8221.66391006,2931.49038557,8204.64642688,5.33896062572,173,13.7591071122,18120.7440667,13.7591071122,18120.7440667,908659.97266,7.58514404297,6.77374972164,220.881760487,5.825825577342361,2.5888253159568957,1318,MaxxTurn45/1539785865.0524201,517
13.7721383498,22.2163114648,0.01220703125,2.40234375,4.45678710938,6.33239746094,7.67333984375,12.9150390625,100.0,6.33239746094,0.000383435582822,0.0755253915033,-0.0115374571721,8414.89677238,2944.52451261,8413.05871353,5.28014156798,255,13.7721383498,17945.0962699,13.7721383498,17945.0962699,890446.55744,7.39898681641,6.69974901512,222.273563413,6.088682223031432,2.621556815054067,1304,MaxxTurn45/1539934738.9239945,859
13.7562848999,22.1246936274,0.0,2.265625,4.4677734375,6.03637695312,7.65258789062,13.9916992188,100.0,6.03637695312,0.00027114967462,0.0763821007438,-0.0185275634614,18023.8675932,5572.45588831,17503.0496409,5.42040239798,111,13.7562848999,25352.8330706,13.7562848999,25352.8330706,1251102.34164,7.98034667969,7.01245857795,178.769186225,5.984072494725119,2.600231216229348,1844,MaxxTurn45/1539780158.398311,454
12.330513763,19.7177099007,0.0,2.64282226562,4.79125976562,6.103515625,7.17163085938,12.2924804688,100.0,6.103515625,0.00030284675954,0.0620665192687,-0.00648466363509,8865.81498133,2671.72674334,8935.1072416,4.75077004831,591,12.330513763,20345.3477089,12.330513763,20345.3477089,892520.969659,6.70166015625,6.90937205699,187.991927395,8.606223499823455,2.9874138111584227,1651,MaxxTurn45/1539868343.1140091,766
13.4294098499,21.8837879909,0.0,2.3486328125,4.38598632812,6.0302734375,7.58056640625,12.7490234375,100.0,6.0302734375,0.000392156862745,0.0712073317494,-0.00652789844416,6984.36376569,2323.27522396,6636.82907993,5.37515696895,158,13.4294098499,17109.0681487,13.4294098499,17109.0681487,840063.862652,7.73010253906,6.70937198053,212.328472524,6.500904392646248,2.6877161922338706,1275,MaxxTurn45/1539849372.1130202,630
13.6800575833,22.1004672318,0.0,2.27783203125,4.22241210938,6.06994628906,7.53662109375,13.4753417969,100.0,6.06994628906,0.000377643504532,0.0762942932013,-0.0141628840505,8900.142383,2790.88935039,8410.1214074,5.46112328411,76,13.6800575833,18098.7161827,13.6800575833,18098.7161827,893972.375952,7.90557861328,6.78225062962,232.829246948,5.8246923199893175,2.581673862037716,1324,MaxxTurn45/1539946744.5776465,934
14.6343139743,23.4373604401,0.0,2.5146484375,4.3994140625,6.24389648438,7.77221679687,14.8254394531,100.0,6.24389648438,0.000386697602475,0.0789334451,-0.0175911849071,9144.87142549,3010.04020287,8806.63349523,5.24846976766,617,14.6343139743,18907.5336548,14.6343139743,18907.5336548,986621.291935,7.94677734375,6.75537116149,260.599891874,5.150377511822731,2.4673234542215545,1293,MaxxTurn45/1539937875.6607707,889
14.2197384086,23.000863361,0.0,2.36206054688,4.4140625,6.23168945312,7.64892578125,13.8977050781,100.0,6.23168945312,0.000379075056861,0.0742138420732,-0.0185598800213,8282.13061427,2704.49361157,7947.74664274,5.41135331217,1016,14.2197384086,18741.6152225,14.2197384086,18741.6152225,963977.411613,7.92236328125,6.70919093142,233.647944307,5.401203100402103,2.5192034204725404,1319,MaxxTurn45/1539870048.0117655,784
13.9082311567,22.6364491669,0.0,2.548828125,4.30908203125,6.13403320312,7.76000976562,12.9150390625,100.0,6.13403320312,0.000387897595035,0.0751665131462,-0.0138758645229,8117.71524121,2563.3643313,7815.3326491,5.1670279954,746,13.9082311567,17913.8017298,13.9082311567,17913.8017298,909325.308427,7.45849609375,6.70238309918,229.301926185,6.08199545054455,2.6300964655771906,1289,MaxxTurn45/1539937152.6355686,880
13.6591067259,22.0242264314,0.0,2.587890625,4.40673828125,6.21948242188,7.82836914062,13.5278320313,100.0,6.21948242188,0.000383141762452,0.0753587458569,-0.0126904264802,8385.87615316,2945.4148564,7665.57524428,5.18512616701,656,13.6591067259,17811.4751706,13.6591067259,17811.4751706,876002.192572,7.63549804688,6.67483149339,225.396558175,6.441332633271667,2.672255645499829,1305,MaxxTurn45/1539851420.6075547,651
13.5049875381,21.8613545315,0.0,2.34008789062,4.31518554688,6.10961914062,7.7099609375,12.841796875,100.0,6.10961914062,0.0002691065662,0.0761580421753,-0.0159967870418,18194.3104531,5730.97695362,17048.7950667,5.3118133683,361,13.5049875381,25078.7618582,13.5049875381,25078.7618582,1226366.00342,7.53936767578,7.02166624956,181.226912044,6.42240212500319,2.6684115095324765,1858,MaxxTurn45/1539780906.367151,460
13.6775439299,22.5344200178,0.0,2.48413085938,4.19067382813,6.21337890625,7.73803710938,12.6843261719,100.0,6.21337890625,0.000395569620253,0.0825411591648,-0.0191709846989,9644.2752118,2787.13057246,9376.02654994,5.21679796734,253,13.6775439299,17274.7379834,13.6775439299,17274.7379834,877814.570889,7.47985839844,6.69741946821,206.890219782,6.409240110785101,2.6951652824330363,1264,MaxxTurn45/1539948024.6751764,949
13.5889030365,22.5321271677,0.030517578125,2.392578125,4.16259765625,5.80749511719,7.5927734375,12.4914550781,100.0,5.80749511719,0.000376506024096,0.0737515565727,-0.0144402117212,8283.58328776,2705.22446116,7722.1896191,5.06296350863,499,13.5889030365,18032.4743294,13.5889030365,18032.4743294,918939.796947,7.41882324219,6.76099859908,222.830091014,6.26495614909177,2.669717085178264,1328,MaxxTurn45/1539873566.4213674,826
13.7797932048,22.1854463502,0.0,2.5146484375,4.52392578125,6.19201660156,7.93090820312,13.0432128906,100.0,6.19201660156,0.000392464678179,0.0760974617561,-0.00992591585435,8144.3450913,2901.86582179,7581.86025202,5.34800971153,37,13.7797932048,17541.6767498,13.7797932048,17541.6767498,868473.560661,7.66296386719,6.74535220739,213.303453696,6.143359654356264,2.6316389165633276,1274,MaxxTurn45/1539787210.2165296,526
13.6100900486,22.0460893434,0.0,2.3046875,4.50805664062,6.15844726562,7.64526367187,13.046875,100.0,6.15844726562,0.000374531835206,0.0780503829956,-0.0143751005091,9543.73377332,2996.33590915,9128.55506862,5.34800971153,660,13.6100900486,18155.8601248,13.6100900486,18155.8601248,895652.219579,7.79724121094,6.78709488009,201.949866666,6.294423283220297,2.658197573842136,1335,MaxxTurn45/1539860863.408783,690
14.1753830116,22.9300902615,0.0,2.34741210938,4.3896484375,6.26525878906,7.90405273437,13.5595703125,100.0,6.26525878906,0.000374812593703,0.0803034747939,-0.0159794256061,10164.8055162,2954.24455971,9904.37974185,5.4475496554,676,14.1753830116,18895.7855545,14.1753830116,18895.7855545,968932.728544,7.86895751953,6.78862009909,219.655705571,5.769327812067305,2.5770373987905235,1334,MaxxTurn45/1539849142.707625,627
13.5529206678,22.2393120469,0.0,2.412109375,4.38232421875,6.1279296875,7.72216796875,12.3376464844,100.0,6.1279296875,0.000389711613406,0.0773468897647,-0.0158245328398,8585.08852683,2603.66407643,8077.31964393,5.1670279954,42,13.5529206678,17374.8442961,13.5529206678,17374.8442961,869724.10243,7.28759765625,6.69427284998,235.137255818,6.290218059114665,2.670835376340764,1283,MaxxTurn45/1539784112.0106728,496
13.5916848443,21.6796063411,0.0,2.38647460938,4.35180664062,6.29272460938,7.97729492188,14.2272949219,100.0,6.29272460938,0.000384319754035,0.0758901165525,-0.0148305956687,8466.95765701,3097.60021907,7721.36259319,5.42945148379,385,13.5916848443,17669.1902976,13.5916848443,17669.1902976,851345.730312,7.76977539062,6.67954983745,227.696710051,6.740692152919705,2.706935886329159,1301,MaxxTurn45/1539784851.4207761,505
14.1921838361,22.7108290267,0.0,2.52075195312,4.48608398438,6.4697265625,8.154296875,13.8610839844,100.0,6.4697265625,0.00037147102526,0.0738269812984,-0.0136859612421,8547.89235888,2957.58624027,7891.73700645,5.4520741983,33,14.1921838361,19088.4872595,14.1921838361,19088.4872595,964835.199006,7.94372558594,6.81543598261,230.764428021,5.837660697189834,2.5854251224578992,1346,MaxxTurn45/1539848764.2274735,624
13.5810132297,22.2863293861,0.0,2.27661132812,4.28833007812,5.99365234375,7.50122070312,12.9663085938,100.0,5.99365234375,0.000269541778976,0.071509301776,-0.0134799346809,15766.6786565,5012.26179544,14867.7532548,5.24846976766,363,13.5810132297,25179.1985278,13.5810132297,25179.1985278,1262989.07753,7.52258300781,6.9900671928,204.369493907,6.184185415899195,2.645795098826662,1855,MaxxTurn45/1539769191.682508,406
14.2450618744,22.6166710616,0.0,2.44384765625,4.43481445312,6.41784667969,7.94799804687,14.3725585938,100.0,6.41784667969,0.000390625,0.0738864856856,-0.0163295663196,7682.60220569,2585.13859509,7175.57249853,5.53351597056,171,14.2450618744,18219.4341373,14.2450618744,18219.4341373,913966.051266,7.74993896484,6.73018423143,225.40483274,5.495402856652895,2.519840739806708,1280,MaxxTurn45/1539950524.2165277,976
13.8412800241,22.3781457038,0.0,2.33154296875,4.27856445312,6.1279296875,7.87963867188,13.1042480469,100.0,6.1279296875,0.000379939209726,0.0778467887586,-0.0150010076238,9200.45139392,3269.26362494,8545.4249383,5.39777968346,144,13.8412800241,18201.2832317,13.8412800241,18201.2832317,910648.186803,7.79113769531,6.7208951836,222.576715865,5.872411070933277,2.588538381798934,1316,MaxxTurn45/1539950288.373055,973
13.8097064095,22.3078072525,0.0,2.49877929688,4.44213867188,6.10046386719,7.60620117188,13.1384277344,100.0,6.10046386719,0.000388198757764,0.0739299278931,-0.0139025682869,7797.56499787,2788.58117886,7445.39064285,5.19869979572,803,13.8097064095,17773.0921491,13.8097064095,17773.0921491,886092.33886,7.58972167969,6.73047292356,258.795177695,6.092536071157509,2.619252082092072,1288,MaxxTurn45/1539853960.610241,672
13.5196388696,22.0097362352,0.0,2.10571289063,4.1162109375,5.96313476562,7.72705078125,12.9211425781,99.9938964844,5.96313476562,0.000389408099689,0.0799690723935,-0.00972545543331,9281.14292832,3344.63440703,8493.02990184,5.43397602669,9,13.5196388696,17345.6966697,13.5196388696,17345.6966697,856212.087125,7.91473388672,6.70341613875,197.972502965,6.132724857613205,2.6239017684038113,1284,MaxxTurn45/1539947011.7082918,937
15.308421814,23.3828017483,0.0,0.86181640625,5.99975585938,7.71484375,8.99291992187,17.8112792969,100.0,7.71484375,0.000433651344319,0.0850472649114,-0.0154792711195,8484.95368337,3197.87014478,7633.16586834,8.30706077019,60,15.308421814,17635.3019297,15.308421814,17635.3019297,900065.22961,11.1572265625,6.54150191069,214.232285825,4.963517664822439,2.3912652628421815,1153,MaxxTurn45/1539778830.473645,439
14.2187620312,22.8632804564,0.006103515625,2.3779296875,4.2626953125,6.0546875,7.79174804688,14.16015625,100.0,6.0546875,0.000379075056861,0.0769472786737,-0.0153462627653,9002.61754437,2873.83441857,8405.10800049,5.41135331217,262,14.2187620312,18740.3283571,14.2187620312,18740.3283571,955624.046363,7.98034667969,6.79058767357,221.437120903,5.521064173916885,2.528927457209083,1319,MaxxTurn45/1539870331.951634,787
14.3023772063,22.9823263044,0.0,2.52685546875,4.47998046875,6.13708496094,7.5390625,13.4216308594,100.0,6.13708496094,0.00037037037037,0.0801248873932,-0.0137593664896,10373.7141857,3436.87421923,9703.50933199,5.17155253831,267,14.3023772063,19293.9068513,14.3023772063,19293.9068513,988677.989431,7.6416015625,6.71241232859,229.148837622,5.5231222373612265,2.5243421073979824,1350,MaxxTurn45/1539865495.732754,739
13.6842831433,22.2556366288,0.0,2.40234375,4.50927734375,6.42700195312,7.7587890625,12.8955078125,100.0,6.42700195312,0.000383141762452,0.0750918020465,-0.0152573394698,8317.32217708,2906.19803355,7717.55412391,5.36610788314,752,13.6842831433,17844.3052188,13.6842831433,17844.3052188,890262.408443,7.47680664062,6.68077186345,258.695117385,6.524180681746591,2.696900270024626,1305,MaxxTurn45/1539947296.644961,940
14.6141693421,23.3515169539,0.0,2.5390625,4.65942382812,6.53076171875,8.0322265625,14.6240234375,100.0,6.53076171875,0.000385505011565,0.0787739539318,-0.0151113234577,9163.08361708,2957.49007877,8940.30366472,5.52899142765,40,14.6141693421,18939.9634674,14.6141693421,18939.9634674,983705.581278,7.6416015625,6.67510074699,232.088783797,5.441881765202515,2.5198570318757234,1297,MaxxTurn45/1539788524.298326,541
13.593993572,21.8820668717,0.0,2.38403320313,4.3896484375,6.26220703125,7.685546875,12.6135253906,100.0,6.26220703125,0.000388198757764,0.0853535521585,-0.0166956676344,10823.2069648,3690.07509694,10530.889998,5.42492694088,37,13.593993572,17495.4697271,13.593993572,17495.4697271,854265.682362,7.57751464844,6.71275717792,204.938931348,5.983895395163563,2.6096398681016573,1288,MaxxTurn45/1539869396.9930165,778
13.5065571841,21.8792827032,0.0,2.40844726562,4.26635742188,5.93872070312,7.73315429687,13.4448242188,100.0,5.93872070312,0.000379075056861,0.0780799860904,-0.0131672217517,9308.81588105,3423.0145342,8901.07291799,5.11273348056,41,13.5065571841,17801.6423686,13.5065571841,17801.6423686,871551.897004,7.54089355469,6.65754870624,205.714078414,6.526267639389946,2.685137798720023,1319,MaxxTurn45/1539850602.9188108,642
14.3010200552,22.6627521149,0.0,2.81982421875,4.7705078125,6.6162109375,8.19213867188,14.4445800781,100.0,6.6162109375,0.000376789751319,0.0848227396959,-0.015212815633,11368.6158676,3932.88674781,11000.7556349,5.38420605475,92,14.3010200552,18963.1525932,14.3010200552,18963.1525932,952430.986837,7.90405273438,6.68899927189,183.048522339,6.058880111196393,2.6159991037418773,1327,MaxxTurn45/1539932283.1509993,838
13.9342981741,22.9594868755,0.0,2.20458984375,4.19799804688,6.02416992188,7.65014648437,12.6599121094,100.0,6.02416992188,0.000382262996942,0.0822384576344,-0.0195256175727,10286.6609054,3446.59241445,9831.56098549,5.56066322798,602,13.9342981741,18212.1277135,13.9342981741,18212.1277135,942936.797738,7.82623291016,6.75064533856,206.413750377,5.82328960722476,2.590204961706735,1308,MaxxTurn45/1539863231.172295,711
13.7150388775,22.3983015898,0.0,2.34252929688,4.30419921875,5.88989257812,7.57080078125,13.3264160156,100.0,5.88989257812,0.000378787878788,0.0730626862049,-0.0116621626949,7999.6066346,2633.71774081,7727.84151121,5.33443608282,1139,13.7150388775,18090.1362795,13.7150388775,18090.1362795,910016.107373,7.83233642578,6.76209511611,228.708341419,6.085024622985971,2.631695073604751,1320,MaxxTurn45/1539853463.1590164,666
13.6635944761,22.1061282992,0.0,2.40478515625,4.4921875,6.21337890625,7.87963867188,13.1469726562,100.0,6.21337890625,0.000269396551724,0.0782491841032,-0.0170381374623,19267.2536421,5969.70844466,18105.4313636,5.32991153992,365,13.6635944761,25345.9677532,13.6635944761,25345.9677532,1253006.80384,7.58209228516,6.95657113693,191.559718784,6.448755833383512,2.6774718069842436,1856,MaxxTurn45/1539774881.2323961,415
13.8249058501,22.6139567967,0.0,2.5341796875,4.50439453125,6.3232421875,7.87719726562,12.9125976563,100.0,6.3232421875,0.000381970970206,0.0715170811198,-0.0091836986834,7472.27812572,2598.94938257,6883.21150547,5.23037159605,251,13.8249058501,18082.976852,13.8249058501,18082.976852,919086.06343,7.48291015625,6.70790852366,231.698720012,6.247838342879049,2.6654283852029246,1309,MaxxTurn45/1539933245.806018,844
14.3434261232,22.4755175366,0.0,2.6416015625,4.765625,6.57958984375,8.24951171875,14.1552734375,100.0,6.57958984375,0.000420875420875,0.0739611403572,-0.0124923766172,6549.16541637,1975.40385736,6601.25526716,5.47469691282,234,14.3434261232,17025.6468083,14.3434261232,17025.6468083,844023.571759,7.64465332031,6.6225455462,242.295119516,5.66338084753138,2.538166361858656,1188,MaxxTurn45/1539843926.4190855,572
13.1950594069,21.3380030921,0.0,2.34008789063,4.150390625,5.9814453125,7.84057617187,12.9077148438,100.0,5.9814453125,0.000381970970206,0.0762894042514,-0.0117307538614,8683.70602942,2772.00487041,7974.25147334,5.29371519669,645,13.1950594069,17259.1377043,13.1950594069,17259.1377043,823455.428667,7.68432617188,6.81814894188,227.863891882,6.878686977470638,2.734926095042109,1309,MaxxTurn45/1539788961.5123823,547
14.2502641461,22.4523536789,0.0,2.45849609375,4.296875,6.2744140625,7.7880859375,15.9313964844,100.0,6.2744140625,0.000379362670713,0.0785140412303,-0.0169103906281,9412.06320746,2706.03798912,9091.69477661,5.37968151185,742,14.2502641461,18767.5978804,14.2502641461,18767.5978804,931556.777805,7.71789550781,6.75012938039,206.039106199,5.444206204947539,2.50060823486099,1318,MaxxTurn45/1539873107.7412717,820
13.391753166,21.5413612934,0.0,2.37426757812,4.32495117188,6.14929199219,7.61962890625,13.1567382813,100.0,6.14929199219,0.000268817204301,0.0696373959247,-0.00802680148121,14941.1925789,4489.75158545,14522.0614567,5.27561702508,1028,13.391753166,24895.2691355,13.391753166,24895.2691355,1196202.86632,7.53173828125,6.98661408013,208.188189979,6.539319077518975,2.6827907213310147,1860,MaxxTurn45/1539776293.4380772,424
13.8019208766,21.8277339315,0.0,2.42919921875,4.48608398438,6.28967285156,7.8076171875,14.2102050781,100.0,6.28967285156,0.000373134328358,0.0751421081868,-0.0104096573642,8818.52522441,2966.66749698,8618.92462496,5.42492694088,45,13.8019208766,18480.7720537,13.8019208766,18480.7720537,893227.154575,7.89947509766,6.80942003982,220.507502673,6.092931984011058,2.600536446576566,1340,MaxxTurn45/1539936410.9095924,871
14.052658781,22.7291964745,0.0,2.5830078125,4.49829101562,6.43005371094,7.9052734375,13.3129882813,100.0,6.43005371094,0.000382262996942,0.0773084721196,-0.0106030671144,8937.86794527,2591.55961395,8929.50276795,5.47922145572,24,14.052658781,18366.8250268,14.052658781,18366.8250268,933517.800905,7.89031982422,6.66532182515,233.859538581,6.1968175254362485,2.6496898394601973,1308,MaxxTurn45/1539869168.3061485,775
14.7160547896,23.3945695045,0.0,2.39624023438,4.61303710938,6.4453125,8.00537109375,14.7314453125,100.0,6.4453125,0.000373412994772,0.0827715368165,-0.0140103793,10969.3198878,3440.38970736,10690.3488333,5.71902222959,155,14.7160547896,19690.0813085,14.7160547896,19690.0813085,1022272.14813,8.31604003906,6.72412196091,241.35098252,5.138307202889816,2.4586350276114466,1339,MaxxTurn45/1539855558.0707247,681
13.4448895782,21.5608608443,0.0,2.38037109375,4.44580078125,6.21948242188,7.82348632812,13.1103515625,100.0,6.21948242188,0.00027041644132,0.072335830669,-0.0112010234423,16066.0708815,5780.59667828,15310.661244,5.35705879733,365,13.4448895782,24846.1559405,13.4448895782,24846.1559405,1193315.67932,7.81860351562,6.95097086085,189.770897134,6.41498065418441,2.664195444415282,1849,MaxxTurn45/1539776535.7446442,427
13.7319880761,22.518679827,0.0,2.314453125,4.2626953125,6.10046386719,7.73193359375,13.0895996094,100.0,6.10046386719,0.000383435582822,0.0827833080789,-0.0137409623868,10373.1583256,3280.0438249,10075.6520465,5.29823973959,40,13.7319880761,17892.7804631,13.7319880761,17892.7804631,906631.511785,7.60955810547,6.66008266418,221.48406992,6.175717874235064,2.6444699038136066,1304,MaxxTurn45/1539866545.9857836,751
13.9052067355,22.3684270364,0.0,2.32299804688,4.29809570312,6.08520507812,7.64770507812,13.9331054688,100.0,6.08520507812,0.000380517503805,0.0807009745205,-0.0186071679242,9953.65145264,3288.19338191,9560.39517882,5.51089325604,748,13.9052067355,18257.5364437,13.9052067355,18257.5364437,911023.164876,8.10241699219,6.70837284963,183.689717133,5.893320321668126,2.585406255197173,1314,MaxxTurn45/1539868643.7235901,769
13.4424748533,22.0885333159,0.0,2.40356445313,4.326171875,6.1279296875,7.65747070312,12.7478027344,100.0,6.1279296875,0.0003808073115,0.0712361549836,-0.0154828891535,7452.68779256,2206.2155861,7166.69539543,5.25751885347,909,13.4424748533,17636.5270076,13.4424748533,17636.5270076,877388.405837,7.61108398438,6.7009014258,245.721276753,6.753104180039994,2.738159487982364,1313,MaxxTurn45/1539954034.7019353,1015
14.0136770519,22.6235281318,0.0,2.31323242188,4.296875,6.15234375,7.94311523437,13.3154296875,100.0,6.15234375,0.000424088210348,0.0804283063536,-0.0112545771289,7832.92288923,2551.06676009,7616.29543015,5.50184417024,576,14.0136770519,16508.1115671,14.0136770519,16508.1115671,834464.428984,7.86437988281,6.64003445786,231.414540556,5.8601198913790995,2.5812999204167677,1179,MaxxTurn45/1539789722.2583816,556
14.0246290716,22.4644640213,0.0,2.38403320312,4.3896484375,6.10961914062,7.92724609375,14.1149902344,99.9938964844,6.10961914062,0.000384911470362,0.0754527750252,-0.0130748502844,8327.02995818,2817.29647601,7786.22057023,5.4475496554,13,14.0246290716,18203.968535,14.0246290716,18203.968535,910539.079159,7.96203613281,6.81174707884,208.24168869,5.630085066384261,2.5470269352521417,1299,MaxxTurn45/1539952728.4103582,1000
13.7904860218,22.2870181922,0.0,2.36206054688,4.36645507813,5.93566894531,7.69653320312,12.9943847656,100.0,5.93566894531,0.000388198757764,0.0713830162696,-0.0143191286182,7182.15993204,2414.55970776,6743.75923304,5.28466611088,307,13.7904860218,17748.3555101,13.7904860218,17748.3555101,884215.914607,7.85522460938,6.69872530839,243.259343806,5.821163388926298,2.5783418251544927,1288,MaxxTurn45/1539784344.802912,499
13.7345178204,21.8028493054,0.0,2.47192382812,4.40063476562,6.22253417969,7.75146484375,13.4643554688,100.0,6.22253417969,0.000382848392037,0.0823266073237,-0.0161450949083,10278.0619511,3098.92408874,9810.72679799,5.27561702508,814,13.7345178204,17923.5457556,13.7345178204,17923.5457556,866710.22594,7.81555175781,6.67928573842,186.930325123,6.030318957587973,2.593226093064329,1306,MaxxTurn45/1539853229.2547057,663
13.5482090275,21.8963674785,0.0,2.32055664062,4.26025390625,6.26220703125,7.77709960938,12.7941894531,100.0,6.26220703125,0.000381097560976,0.0736844144343,-0.0151690510382,8052.48761953,2619.99427383,7435.33255521,5.41587785508,142,13.5482090275,17761.7020351,13.5482090275,17761.7020351,869382.947199,7.7880859375,6.71072118824,216.615814798,6.305856491640293,2.65299262695003,1312,MaxxTurn45/1539865728.2194202,742
14.0678351475,22.5288249976,0.0,2.45483398438,4.35180664062,6.2744140625,7.96630859375,13.9916992188,100.0,6.2744140625,0.000273672687466,0.073315854493,-0.0186454660524,16141.8108807,5187.57406121,15531.9875383,5.42040239798,54,14.0678351475,25687.8669793,14.0678351475,25687.8669793,1288353.14918,7.99560546875,6.91491923525,217.129567394,5.897404933635839,2.586264062374084,1827,MaxxTurn45/1539782568.4848485,478
14.545153333,23.6382786269,0.0,2.30712890625,4.3408203125,6.40258789062,7.89672851562,14.033203125,100.0,6.40258789062,0.000381970970206,0.0797039019006,-0.0134446170608,9598.46572553,3367.95642726,8952.17573515,5.65567862894,563,14.545153333,19025.0605596,14.545153333,19025.0605596,1007802.8116,7.91015625,6.79533576831,270.592599779,5.20973440636431,2.489001435657453,1309,MaxxTurn45/1539951397.8529685,985
14.0905526062,22.3300113173,0.0,2.4658203125,4.30053710938,6.51245117188,8.05786132812,14.9389648438,100.0,6.51245117188,0.0003861003861,0.0812011125284,-0.0193009004443,9785.55098758,3094.52216827,9293.14837593,5.60138411411,654,14.0905526062,18233.1750724,14.0905526062,18233.1750724,902340.506837,8.03527832031,6.73918339708,211.540842333,5.678517872132874,2.5423943920993235,1295,MaxxTurn45/1539783889.6511242,493
13.7905693922,21.5276480359,0.0,2.490234375,4.72045898438,6.69250488281,8.25927734375,14.3798828125,99.9938964844,6.69250488281,0.000379362670713,0.0819701971752,-0.0158542063713,10377.7686797,3520.83314996,9779.73370353,5.69639951507,80,13.7905693922,18162.1798896,13.7905693922,18162.1798896,861006.974541,8.13140869141,6.68399434154,199.556220864,6.382626930885271,2.646743516614091,1318,MaxxTurn45/1539846534.119446,609
13.5780305419,21.9491156932,0.0,2.42309570313,4.45922851563,6.1767578125,7.59887695312,13.4973144531,100.0,6.1767578125,0.0003808073115,0.074803830165,-0.0128210321953,8352.969565,2669.85269194,8069.41894132,5.3118133683,37,13.5780305419,17814.376071,13.5780305419,17814.376071,874142.453074,7.8125,6.71538760198,217.025794048,6.528367733615134,2.686461638696994,1313,MaxxTurn45/1539938886.8533099,901
14.0014122684,22.9219136603,0.0,2.1337890625,4.3212890625,6.13403320312,7.56958007812,13.0969238281,100.0,6.13403320312,0.000391542678152,0.0792125968434,-0.0165287037363,8976.53527605,2908.78003668,8298.05941227,5.40230422637,889,14.0014122684,17865.8020545,14.0014122684,17865.8020545,920770.924203,7.55004882812,6.70299616358,224.222460268,5.385319949413921,2.5253050096810306,1277,MaxxTurn45/1539873336.5023072,823
13.0694215117,20.7299590547,0.0,2.47802734375,4.76684570312,6.47583007812,8.03833007812,12.4548339844,100.0,6.47583007812,0.00016518004625,0.0508760512527,-0.00670201355575,20710.3186387,7103.05496005,18793.5719171,5.34800971153,1407,13.0694215117,39548.0694945,13.0694215117,39548.0694945,1817407.81847,7.373046875,7.26700699124,197.575287766,7.4467351869780884,2.8193068111674076,3027,MaxxTurn45/1539777913.114158,436
13.2822821775,21.8870145999,0.0,2.30712890625,4.12963867188,5.82275390625,7.4365234375,12.2497558594,100.0,5.82275390625,0.0003861003861,0.0782787775588,-0.0159581605606,9002.15533114,2911.46709877,8585.5078396,5.09463530895,78,13.2822821775,17187.2731377,13.2822821775,17187.2731377,848342.212774,7.32727050781,6.70134436557,217.274156625,6.611591420429795,2.7064055869080916,1295,MaxxTurn45/1539867478.8608363,763
14.1967819329,23.1088665231,0.0,2.470703125,4.33471679688,6.14318847656,7.73803710937,13.53515625,100.0,6.14318847656,0.000375939849624,0.0791653241479,-0.0155003001872,9778.23211087,3312.41148626,9973.15391829,5.25751885347,154,14.1967819329,18867.5231888,14.1967819329,18867.5231888,977771.858163,7.66296386719,6.74681276131,236.817281322,5.7576568866433675,2.576967436452948,1330,MaxxTurn45/1539862764.7881565,705
13.9132373395,22.7809832234,0.0,2.37426757812,4.43115234375,6.11572265625,7.8125,12.7075195312,100.0,6.11572265625,0.000396510705789,0.0708572290974,-0.0122517169956,6738.85187985,2178.59181339,6886.13033378,5.28466611088,794,13.9132373395,17530.6790478,13.9132373395,17530.6790478,898008.304238,7.86743164062,6.64143941734,239.656553834,6.0066594159515425,2.630891594254027,1261,MaxxTurn45/1539954755.0278454,1024
13.3830792021,22.0224803507,0.0,2.11791992188,4.25415039062,6.01806640625,7.40356445312,13.18359375,100.0,6.01806640625,0.000375657400451,0.0739094571783,-0.0116393751539,8365.41994536,2595.42433252,7904.5973654,5.40230422637,38,13.3830792021,17799.4953388,13.3830792021,17799.4953388,883427.384943,7.78198242188,6.70470066346,213.42884056,6.498899465779488,2.6903843282329185,1331,MaxxTurn45/1539867009.0027378,757
13.8945987951,22.4769716174,0.0,2.32299804688,4.3603515625,6.06079101562,7.80395507812,13.3325195313,100.0,6.06079101562,0.000270709258257,0.0720408973396,-0.0132792828852,15883.8620341,5061.91544648,15117.9137362,5.32991153992,208,13.8945987951,25649.4293758,13.8945987951,25649.4293758,1289207.10158,7.71484375,6.93163536037,194.750502531,5.910547138968191,2.5912975829562424,1847,MaxxTurn45/1539767578.14983,391
13.0849981451,21.7301682407,0.0,2.2412109375,4.17724609375,5.88989257812,7.37670898438,11.7907714844,100.0,5.88989257812,0.000375375375375,0.0765907380611,-0.0102717894758,9096.55544894,3128.4030948,8600.12656898,5.20774888153,674,13.0849981451,17416.1325312,13.0849981451,17416.1325312,856559.760906,7.35015869141,6.75418805835,226.273559204,6.771774219670501,2.7375905820732247,1332,MaxxTurn45/1539863963.378872,720
13.5683869435,22.2051975491,0.0,2.21557617188,4.30541992188,6.07604980469,7.62084960937,12.607421875,100.0,6.07604980469,0.000271444082519,0.077686611453,-0.0140656912378,18665.8663636,5718.93401858,18067.9666864,5.32538699701,369,13.5683869435,24979.4003631,13.5683869435,24979.4003631,1246857.61034,7.4951171875,6.93209095434,187.858875346,6.244062193490677,2.6498588475778275,1842,MaxxTurn45/1539782803.8778186,481
13.4033437156,21.8447016935,0.0,2.51831054688,4.50317382813,5.99670410156,7.59155273438,12.8747558594,100.0,5.99670410156,0.000383435582822,0.0733314427448,-0.0114197646676,7858.28908181,2181.58373479,7851.05642082,5.04486533702,38,13.4033437156,17464.5568614,13.4033437156,17464.5568614,856042.970754,7.60192871094,6.70917075622,234.947151646,6.637680789725733,2.718729040414954,1304,MaxxTurn45/1539938375.6591463,895
13.9656444469,22.6949417188,0.0,2.37426757812,4.41040039062,6.15844726562,7.72827148437,13.5510253906,100.0,6.15844726562,0.000392772977219,0.085110345852,-0.0150247215778,10490.6748688,3416.29373887,9731.68967092,5.39325514056,142,13.9656444469,17764.2997364,13.9656444469,17764.2997364,903441.736065,7.86743164062,6.80119603455,194.601481814,6.062404892806782,2.624187098693915,1273,MaxxTurn45/1539953278.8101358,1006
13.8420802791,22.2637643455,0.0,2.51220703125,4.3798828125,6.09130859375,7.81127929688,13.8549804687,100.0,6.09130859375,0.000381097560976,0.0781153853171,-0.0181243885488,9212.9483226,3461.11213677,8778.42233806,5.27561702508,832,13.8420802791,18146.9672459,13.8420802791,18146.9672459,901213.571541,7.82165527344,6.73476915459,235.986072354,6.16540428160868,2.6334890745221355,1312,MaxxTurn45/1539948292.2670896,952
13.8097244013,22.3474630848,0.0,2.36206054688,4.306640625,6.03332519531,7.66235351562,12.8430175781,100.0,6.03332519531,0.000273224043716,0.075063707755,-0.0110922362311,17067.7781456,5215.5126321,16411.0779088,5.36158334024,109,13.8097244013,25257.9859299,13.8097244013,25257.9859299,1262415.78858,7.69653320312,6.9218488323,191.780863091,5.837187417753432,2.5803536881532945,1830,MaxxTurn45/1539782062.694547,472
13.68123955,22.7370132796,0.0,2.27294921875,4.15283203125,5.7861328125,7.48413085938,12.2277832031,100.0,5.7861328125,0.000376789751319,0.0776932230771,-0.0124100067116,9323.68131407,3058.06045648,8823.73112794,5.17607708121,142,13.68123955,18141.3236433,13.68123955,18141.3236433,933887.541667,7.55004882812,6.71352712019,257.450999976,6.024481486295546,2.6263461808139086,1327,MaxxTurn45/1539866781.6732707,754
14.099021888,22.6518444496,0.0,2.54760742188,4.35424804688,6.103515625,7.70263671875,14.2932128906,100.0,6.103515625,0.000386996904025,0.078663900355,-0.017669767736,9058.67258035,3051.98837751,8854.18992686,5.17607708121,815,14.099021888,18201.8372574,14.099021888,18201.8372574,919246.803857,7.74383544922,6.73026232965,263.718467779,5.80435949717573,2.5746817724458992,1292,MaxxTurn45/1539865256.587621,736
13.5958630729,22.1201909426,0.0,2.40478515625,4.39453125,5.96923828125,7.53173828125,12.8295898438,100.0,5.96923828125,0.000375657400451,0.0730267972033,-0.0132783782446,8135.13952276,2668.73463334,8002.55862498,5.23942068185,681,13.5958630729,18082.4978869,13.5958630729,18082.4978869,896804.799736,7.69653320312,6.7680248356,222.564517569,6.299358601616396,2.660939232851662,1331,MaxxTurn45/1539935587.837271,868
13.7508977658,22.1842143835,0.018310546875,2.34130859375,4.609375,6.26220703125,7.9052734375,13.5290527344,100.0,6.26220703125,0.000377928949358,0.0696976306315,-0.0108117447547,7196.22103598,2366.70766503,6696.37894153,5.51994234185,249,13.7508977658,18178.6868464,13.7508977658,18178.6868464,900770.595782,7.78198242188,6.84698098193,264.085013483,6.341020197401667,2.663593595020895,1323,MaxxTurn45/1539848388.604168,621
13.6495765733,21.0622604867,0.0,2.77221679688,4.65087890625,6.57653808594,8.21411132812,14.2651367188,100.0,6.57653808594,0.000383435582822,0.0730698937607,-0.0128342750543,7793.02833744,2832.98395684,7430.29512648,5.39777968346,1175,13.6495765733,17785.398275,13.6495765733,17785.398275,820984.784886,7.9833984375,6.67939584987,201.264127606,6.7348653749014105,2.685236334131226,1304,MaxxTurn45/1539847878.96713,615
13.7895929191,21.9897986041,0.0,2.54516601562,4.57153320312,6.43920898438,7.70874023438,13.1408691406,100.0,6.43920898438,0.000378501135503,0.0738834384349,-0.0127097546699,8223.66208791,2621.15766841,7693.37079683,5.4475496554,267,13.7895929191,18202.2626532,13.7895929191,18202.2626532,889479.585364,7.62329101562,6.81925532214,208.045494678,6.235099931444644,2.63345325894999,1321,MaxxTurn45/1539932555.679447,841
13.8640236793,22.5938746459,0.0,2.21557617188,4.27856445312,6.08520507812,7.90405273438,13.2263183594,100.0,6.08520507812,0.000426985482494,0.0739396726773,-0.0124605249143,6342.14798564,2469.52538041,6444.76250253,5.54708959927,892,13.8640236793,16220.9077048,13.8640236793,16220.9077048,822344.570346,7.7880859375,6.57426153652,261.654991929,5.803902253921484,2.5872709351338545,1171,MaxxTurn45/1539783663.3386142,490
13.7159046592,22.0972872232,0.0,2.34497070313,4.2578125,6.06079101562,7.75268554688,14.3041992188,100.0,6.06079101562,0.000272034820457,0.0817839967609,-0.0172296028673,20791.9474804,6555.77331238,19682.5811134,5.3118133683,360,13.7159046592,25196.116859,13.7159046592,25196.116859,1242764.58118,7.84759521484,6.961849693,161.627363602,6.205797249994731,2.633672809764761,1838,MaxxTurn45/1539779071.1246924,442
13.8700783936,21.9433194495,0.0,2.51220703125,4.6875,6.53076171875,8.11645507812,13.759765625,100.0,6.53076171875,0.000381970970206,0.0772849760008,-0.0136798689112,8946.28840719,2711.58101227,8580.91073834,5.51089325604,868,13.8700783936,18142.0625388,13.8700783936,18142.0625388,881638.33186,7.97729492188,6.71271548759,192.477359813,6.261258643800764,2.6384955743207033,1309,MaxxTurn45/1539848138.8273041,618
13.4818726962,22.0069695004,0.0,2.25219726562,4.16259765625,5.88989257812,7.57446289062,13.2995605469,100.0,5.88989257812,0.000375657400451,0.0724247972881,-0.0157263153916,7979.6684712,2472.0643712,7506.28010088,5.22132251024,333,13.4818726962,17930.8906859,13.4818726962,17930.8906859,886051.666215,7.49816894531,6.7787893887,204.237313496,6.3495260080424565,2.654075755297877,1331,MaxxTurn45/1539868902.5611076,772
13.3804060252,21.9134406352,0.0,2.33764648438,4.2236328125,6.23474121094,7.666015625,12.5244140625,100.0,6.23474121094,0.000388802488336,0.0743192434269,-0.0144611748564,7867.06795929,2658.13680132,7338.74846542,5.38873059766,716,13.3804060252,17193.8217424,13.3804060252,17193.8217424,847294.912711,7.50274658203,6.72315833239,224.602167703,6.628957166741657,2.709006040694097,1286,MaxxTurn45/1539949816.1102145,967
13.8226125035,22.3024858171,0.0,2.37426757812,4.19311523438,5.96313476562,7.5439453125,13.6535644531,100.0,5.96313476562,0.000377073906486,0.0736345850718,-0.0145733336752,8226.2976147,2684.68202016,7930.91477796,5.27109248217,933,13.8226125035,18314.9615672,13.8226125035,18314.9615672,912407.838926,7.86590576172,6.7943775417,198.025414141,5.911475997050429,2.58871362942243,1326,MaxxTurn45/1539873794.130889,829
13.315435352,21.756674035,0.0,2.22412109375,4.20532226562,5.72509765625,7.52197265625,12.2766113281,100.0,5.72509765625,0.000386697602475,0.0787619008797,-0.0119773069639,9099.54001094,2955.33077008,8692.86119035,5.22132251024,612,13.315435352,17203.5424748,13.315435352,17203.5424748,840821.860135,7.51953125,6.75431000232,214.35532883,6.250280689283336,2.6479572640670783,1293,MaxxTurn45/1539954995.5658493,1027
13.9091342752,22.5691511654,0.0,2.39013671875,4.33471679688,6.14318847656,7.76611328125,13.8232421875,100.0,6.14318847656,0.00027114967462,0.0723970204632,-0.0163219277462,16004.5377724,5179.25751704,15684.4096657,5.37063242604,363,13.9091342752,25634.5344692,13.9091342752,25634.5344692,1295510.26095,7.72857666016,6.90354867339,201.45154487,5.983893699044295,2.6077505828771668,1844,MaxxTurn45/1539768171.92729,397
10.236335066,20.4336943337,0.0,0.01220703125,1.49291992188,3.68041992188,5.54809570312,10.3637695313,100.0,3.68041992188,0.000309023485785,0.0707708662326,0.00384322905383,11515.4879286,2486.94811987,11134.3086304,5.43850056959,1093,10.236335066,16552.1538017,10.236335066,16552.1538017,844693.667218,9.19036865234,5.91269839115,181.994915248,9.534590716351032,3.1520413974453785,1618,MaxxTurn45/1539843317.8462138,566
13.5987343071,22.2127775677,0.006103515625,2.42431640625,4.3212890625,5.99365234375,7.65625,12.9614257812,100.0,5.99365234375,0.000377928949358,0.0805770960117,-0.0162640885384,10064.3429825,3305.80725062,9478.55711408,5.1670279954,262,13.5987343071,17977.526754,13.5987343071,17977.526754,896941.233575,7.5927734375,6.74804967424,203.879288938,6.393978719977978,2.675397576145308,1323,MaxxTurn45/1539851074.855967,648
14.0623309796,22.7150139266,0.0,2.44018554688,4.39208984375,6.23779296875,7.6220703125,13.7756347656,100.0,6.23779296875,0.000384615384615,0.0702361619412,-0.0110915541538,7053.47241133,2297.35739762,6971.87565635,5.3072888254,154,14.0623309796,18266.9679425,14.0623309796,18266.9679425,927321.341485,7.56072998047,6.67064998532,256.926730807,5.794569624101264,2.575667890977213,1300,MaxxTurn45/1539938110.608032,892
13.8333729631,22.4386140616,0.0,2.40600585938,4.30297851562,6.06079101562,7.78564453125,13.65234375,100.0,6.06079101562,0.000271444082519,0.0749637969944,-0.0146910357382,17253.3210171,5499.11184396,16272.3254487,5.28919065379,209,13.8333729631,25467.2396251,13.8333729631,25467.2396251,1279416.85554,7.68890380859,6.92309031177,198.636835972,5.959121948290848,2.6031792133705083,1842,MaxxTurn45/1539781379.8105493,466
14.1274538643,22.6601050898,0.0,2.23022460938,4.345703125,6.15234375,7.61108398438,14.2102050781,100.0,6.15234375,0.0003808073115,0.081528281052,-0.012357828033,10169.431866,3465.36242389,9729.26172513,5.68282588636,514,14.1274538643,18535.21947,14.1274538643,18535.21947,935741.278715,8.33129882812,6.7072092535,235.23093881,5.68694874934903,2.549842126758411,1313,MaxxTurn45/1539863734.1742258,717
13.6815957673,22.3431148936,0.0,2.44262695313,4.45190429688,6.14013671875,7.744140625,12.7575683594,100.0,6.14013671875,0.000390930414386,0.0777189719659,-0.0149667689569,8622.31272714,2691.96916437,8230.83871079,5.24846976766,41,13.6815957673,17485.0793906,13.6815957673,17485.0793906,877407.467104,7.58972167969,6.69269830581,244.286947843,6.643008081253393,2.7164788003722333,1279,MaxxTurn45/1539787985.9778118,535
13.2383971455,21.2701819466,0.0,2.31201171875,4.35913085938,5.92651367188,7.7099609375,12.7600097656,100.0,5.92651367188,0.000389105058366,0.075822088396,-0.0104291140224,8227.30236904,2636.4977728,7967.0691343,5.35705879733,720,13.2383971455,16998.1019349,13.2383971455,16998.1019349,806110.981107,7.96508789062,6.70884858943,200.787046352,6.595672990949973,2.694834892284689,1285,MaxxTurn45/1539954277.731383,1018
13.9106399562,21.9534662189,0.0,2.6220703125,4.6337890625,6.53381347656,8.03833007812,13.0383300781,99.9938964844,6.53381347656,0.000425894378194,0.0745104048916,-0.00849962380718,6494.73149185,2111.04709394,6433.40172585,5.4475496554,79,13.9106399562,16317.1806686,13.9106399562,16317.1806686,792508.76978,7.57751464844,6.61774746488,203.456392758,6.455485792984938,2.663712444507346,1174,MaxxTurn45/1539843661.9084291,569
13.4796274689,21.8393175666,0.0,2.18139648438,4.25903320312,6.02416992188,7.74658203125,13.2666015625,100.0,6.02416992188,0.000270562770563,0.0705334722951,-0.0129348819002,15166.8873377,4767.30128964,14721.5232845,5.48374599862,932,13.4796274689,24896.871935,13.4796274689,24896.871935,1216719.60659,7.86285400391,7.05137874906,184.763487913,6.17611727224549,2.6373673715978985,1848,MaxxTurn45/1539781148.953433,463
13.5116506615,21.8188750329,0.0,2.47680664063,4.22729492188,6.08825683594,7.55249023437,13.1579589844,100.0,6.08825683594,0.000385208012327,0.079241445579,-0.00982300865372,9302.95090895,2923.77219828,8694.51159443,4.95889902186,717,13.5116506615,17524.6109079,13.5116506615,17524.6109079,854423.09536,7.34252929688,6.66929635562,174.751566654,6.4840834487190495,2.6707002777913575,1298,MaxxTurn45/1539941069.607354,925
13.5428559994,22.0896118057,0.0,2.490234375,4.150390625,5.92956542969,7.8369140625,12.890625,100.0,5.92956542969,0.000374251497006,0.070530166619,-0.0123224089198,7560.17407437,2326.67126479,7428.16763579,5.09011076605,617,13.5428559994,18079.7127592,13.5428559994,18079.7127592,896448.873244,7.48291015625,6.68712037341,211.836506415,6.377372335626454,2.674728265434663,1336,MaxxTurn45/1539853715.9218073,669
13.9793058206,22.8865137733,0.0,2.40844726562,4.33959960938,6.103515625,7.74169921875,13.5339355469,100.0,6.103515625,0.000381679389313,0.079743125959,-0.0190079255023,9624.87989844,2817.55360474,9245.66555084,5.37968151185,649,13.9793058206,18298.9113192,13.9793058206,18298.9113192,941645.897627,7.77587890625,6.71887694755,211.352708472,5.819719388237502,2.598933294140652,1310,MaxxTurn45/1539937648.5074499,886
13.6222980327,21.8161856908,0.0,2.66357421875,4.4677734375,6.25610351562,7.763671875,13.1628417969,100.0,6.25610351562,0.000369549150037,0.0772322565447,-0.00958203666441,9587.73328535,3329.2730568,9103.54984576,5.18512616701,294,13.6222980327,18417.3469402,13.6222980327,18417.3469402,894551.091343,7.70874023438,6.75064087599,199.29743551,6.782156857632396,2.7188615760175217,1353,MaxxTurn45/1539844207.608547,575
14.0357151889,22.279905835,0.0,2.57568359375,4.8193359375,6.55517578125,8.11279296875,13.8671875,100.0,6.55517578125,0.0003808073115,0.0849394264423,-0.012721184077,11150.6184447,3509.76062736,10673.4961742,5.49279508443,823,14.0357151889,18414.8583278,14.0357151889,18414.8583278,909931.903705,7.70874023438,6.80137268442,174.040643377,6.087698312184905,2.6226145536630723,1313,MaxxTurn45/1539844445.483183,578
13.5624808696,22.1868147078,0.0,2.45971679688,4.27001953125,6.06994628906,7.55859375,13.2080078125,100.0,6.06994628906,0.000373134328358,0.0782355629491,-0.0136471103296,9672.38674844,2970.5792538,9101.82134855,5.1579789096,260,13.5624808696,18160.1618844,13.5624808696,18160.1618844,905609.895103,7.42340087891,6.67086537964,227.742419543,6.310211927262973,2.6645214833726163,1340,MaxxTurn45/1539938624.131296,898
13.7769972816,22.2314419842,0.0,2.54516601562,4.52270507812,6.26220703125,7.90161132812,13.1262207031,100.0,6.26220703125,0.000379650721336,0.079019693769,-0.0167622217324,9535.28110795,2884.67247181,9152.83856685,5.20322433863,664,13.7769972816,18130.5284226,13.7769972816,18130.5284226,900389.955156,7.44018554688,6.70760750623,205.72612899,6.330100092321215,2.660592477907616,1317,MaxxTurn45/1539933500.4822576,847
13.3844148745,21.3352321772,0.0,2.5146484375,4.38232421875,6.14929199219,7.74536132812,12.9028320312,100.0,6.14929199219,0.000275330396476,0.0757939510862,-0.0152862119478,17157.832539,5144.2981713,16352.8875256,5.1670279954,1152,13.3844148745,24292.7129972,13.3844148745,24292.7129972,1151496.61142,7.57141113281,6.92435627752,165.429947388,6.339629857879951,2.6493856345541773,1816,MaxxTurn45/1539768405.0772216,400
13.9728986978,22.4094400848,0.0,2.26318359375,4.60693359375,6.2255859375,7.69775390625,14.4934082031,100.0,6.2255859375,0.000385208012327,0.0701490418307,-0.00887396683274,7009.15688092,2310.43214819,6572.5817756,5.39777968346,646,13.9728986978,18122.8496111,13.9728986978,18122.8496111,904755.341001,7.67822265625,6.67328212016,272.681025448,5.711829478722828,2.5527447178341998,1298,MaxxTurn45/1539854247.8136997,675
13.414255778,21.8808647539,0.0,2.26440429688,4.1015625,6.02416992188,7.76977539062,13.3728027344,99.9938964844,6.02416992188,0.000385802469136,0.0740391598867,-0.0155585977783,7929.89222853,2634.80297353,7471.70912683,5.42492694088,9,13.414255778,17371.4612325,13.414255778,17371.4612325,853215.220347,7.69500732422,6.77195788806,234.833938565,6.559088018701193,2.6923488885125737,1296,MaxxTurn45/1539951943.5310912,991
13.8842018075,22.6660409979,0.0,2.34375,4.10888671875,5.81665039062,7.58422851562,14.2358398438,100.0,5.81665039062,0.000381970970206,0.0748926966517,-0.0114279810858,8321.06234935,2509.90913101,8101.77325296,5.32086245411,40,13.8842018075,18160.5359642,13.8842018075,18160.5359642,924321.551509,7.96508789062,6.76954849529,226.571966797,6.045269902612059,2.615241503512676,1309,MaxxTurn45/1539872129.8354397,808
13.643319596,22.2422164146,0.0,2.34497070312,4.27368164062,6.10961914062,7.75024414063,13.14453125,100.0,6.10961914062,0.000378214826021,0.0753775083104,-0.0108221602919,8627.7356018,2602.6926914,8509.17402885,5.41135331217,743,13.643319596,18022.8251863,13.643319596,18022.8251863,899597.392567,7.67822265625,6.76139856679,202.352416794,6.260945755318279,2.6557652072164344,1322,MaxxTurn45/1539949270.0858183,961
13.8705260158,22.5992898826,0.0,2.3779296875,4.45678710938,6.201171875,7.97607421875,13.1860351563,100.0,6.201171875,0.000381970970206,0.0754121338233,-0.0119775235443,8455.14735171,2965.1374433,8271.35119071,5.35705879733,814,13.8705260158,18142.6480287,13.8705260158,18142.6480287,919872.560352,7.5439453125,6.7634511483,206.710535752,6.060378670297151,2.635983718509054,1309,MaxxTurn45/1539787752.9819348,532
13.1690640579,21.7133526636,0.0,2.23266601562,4.24194335938,6.02416992188,7.62573242188,12.6892089844,100.0,6.02416992188,0.000389105058366,0.0795475924725,-0.0149595184495,9185.3146913,2862.10153314,9045.6425568,5.39325514056,552,13.1690640579,16909.0782504,13.1690640579,16909.0782504,828217.23301,7.57446289062,6.77500233015,191.417492843,6.818929109491679,2.751858629726384,1285,MaxxTurn45/1539947558.164653,943
13.9551074143,22.2742076778,0.0,2.4365234375,4.31762695312,6.21032714844,7.8076171875,14.6960449219,100.0,6.21032714844,0.000386996904025,0.083441619049,-0.0159041973412,10354.5127512,3591.09577935,9876.0513579,5.54256505636,654,13.9551074143,18016.0436719,13.9551074143,18016.0436719,892127.732672,8.20617675781,6.68430112326,173.780051987,5.964202354331485,2.5913426340683405,1292,MaxxTurn45/1539850152.1883683,639
13.9092298152,22.8023449228,0.006103515625,2.26928710938,4.49951171875,6.14624023438,7.62939453125,12.9699707031,100.0,6.14624023438,0.000380228136882,0.0726912028665,-0.0129939112306,7840.35345188,2582.81331689,7257.97148698,5.40230422637,42,13.9092298152,18276.7279772,13.9092298152,18276.7279772,937618.947625,7.56225585938,6.77983297072,224.029821629,6.0278647664089515,2.6252728123647686,1315,MaxxTurn45/1539934004.254481,853
14.1428767024,22.7288457841,0.0,2.64404296875,4.62158203125,6.28967285156,7.85522460938,13.0712890625,100.0,6.28967285156,0.000375375375375,0.0746399421315,-0.0130970430085,8571.94375144,3123.26674553,7722.01888044,5.26656793927,273,14.1428767024,18824.1688909,14.1428767024,18824.1688909,954023.093842,7.46002197266,6.79147422856,237.148275005,5.7545771666099625,2.5735841579675935,1332,MaxxTurn45/1539861754.4920955,693
13.6402665523,22.1478636917,0.0,2.40356445313,4.31518554688,6.01196289062,7.82348632812,12.5671386719,100.0,6.01196289062,0.000274122807018,0.0799744972435,-0.0136466424362,19487.3394738,5953.62388525,18781.1561133,5.32086245411,62,13.6402665523,24866.2059249,13.6402665523,24866.2059249,1233600.03375,7.51647949219,6.87489071006,177.707059849,6.234493708249152,2.6459096603371695,1824,MaxxTurn45/1539783110.3459804,484
13.7069384427,21.9364219296,0.0,2.5048828125,4.4677734375,6.37817382812,7.89306640625,13.0017089844,100.0,6.37817382812,0.000266951414843,0.0696331551582,-0.0141016438942,15161.6413692,4913.12317427,14170.2457705,5.39325514056,130,13.7069384427,25659.3887647,13.7069384427,25659.3887647,1252718.31088,7.75756835938,6.93923416399,181.004965709,6.219102580230382,2.6435066864314276,1873,MaxxTurn45/1539774203.6900575,412
13.6228942871,22.0841339244,0.0,2.41088867188,4.1845703125,6.103515625,7.76245117188,12.6245117188,99.9938964844,6.103515625,0.000378787878788,0.0804426775907,-0.0137663906561,9978.00585464,3462.81968545,9180.82036319,5.32538699701,6,13.6228942871,17968.5975647,13.6228942871,17968.5975647,888258.021362,7.79113769531,6.79285231381,227.845171633,6.103449257439607,2.6230088319632676,1320,MaxxTurn45/1539870594.5451405,790
5.38291388476,15.4114125133,0.0,0.0,0.006103515625,0.01220703125,0.0244140625,5.99609375,100.0,0.01220703125,0.00010460251046,0.0795935550562,-0.0272706934063,140055.790194,41869.4680347,135175.237203,0.0180981716126,2984,5.38291388476,25724.9454553,5.38291388476,25724.9454553,1273572.24863,3.98254394531,4.22921375038,70.4969000873,20.51101851876313,4.422495496098409,4780,MaxxTurn45/1539775529.087104,421
13.5704681702,22.0970575701,0.0,2.2705078125,4.26513671875,6.12182617188,7.61474609375,13.0993652344,100.0,6.12182617188,0.000385505011565,0.0790230507618,-0.0123097484145,9229.35881869,3180.51822629,8742.59183473,5.34800971153,33,13.5704681702,17587.3267486,13.5704681702,17587.3267486,871663.234867,7.51953125,6.67640949451,210.279289106,6.19575636367448,2.643594765120904,1297,MaxxTurn45/1539940381.9306014,919
13.8516297155,22.5098141294,0.0,2.1923828125,4.4580078125,6.19506835938,7.88696289062,13.4655761719,100.0,6.19506835938,0.000273672687466,0.0652256770775,-0.0102626598959,12394.428098,3818.7145599,11813.4165215,5.56518777088,79,13.8516297155,25293.0758605,13.8516297155,25293.0758605,1275761.29172,7.85827636719,6.93613481228,192.304867354,6.000653761135576,2.6122988353469934,1827,MaxxTurn45/1539779296.4767165,445
14.2435513302,22.4973261971,0.0,2.7490234375,4.638671875,6.44836425781,8.10546875,13.8171386719,100.0,6.44836425781,0.000301568154403,0.0805445396352,-0.0131779866995,16205.2284662,5534.54716671,15579.1138051,5.28466611088,204,14.2435513302,23601.5645541,14.2435513302,23601.5645541,1175029.86468,7.65380859375,6.97029093659,227.290512544,5.902934942688605,2.59781305883237,1658,MaxxTurn45/1539783365.0102794,487
13.8293618274,22.5740539763,0.0,2.29248046875,4.21142578125,6.13403320312,7.77221679688,13.0700683594,100.0,6.13403320312,0.0003885003885,0.0771075407628,-0.014651705696,8581.28450126,2707.18629354,7948.3147596,5.43850056959,44,13.8293618274,17784.55931,13.8293618274,17784.55931,901470.41291,7.69958496094,6.75189422566,240.435771878,5.985047798247031,2.616213287217614,1287,MaxxTurn45/1539947793.8222756,946
13.4829595905,21.7001244417,0.0,2.21923828125,4.423828125,5.98754882812,7.6953125,13.4777832031,100.0,5.98754882812,0.000387897595035,0.0769542721526,-0.0175783772766,8570.62715748,2803.97173405,8177.27369415,5.42040239798,713,13.4829595905,17366.0519525,13.4829595905,17366.0519525,840840.843134,7.94677734375,6.66973160509,234.264982921,6.297990987606767,2.65140411974674,1289,MaxxTurn45/1539951671.2391338,988
13.5876750658,22.1300717126,0.0,2.294921875,4.29077148438,5.9814453125,7.58056640625,13.6010742188,100.0,5.9814453125,0.000377643504532,0.0723384105208,-0.0104513429494,7867.10168539,2633.80180017,7577.68470611,5.25299431056,912,13.5876750658,17976.494112,13.5876750658,17976.494112,892369.50364,7.61260986328,6.71335209663,237.183114777,6.308776711517549,2.6560747503023663,1324,MaxxTurn45/1539940813.8529766,922
13.7991426502,21.9815801943,0.0,2.36450195312,4.40551757812,6.28662109375,7.85766601562,13.2385253906,100.0,6.28662109375,0.000392772977219,0.0725114936363,-0.0139123452761,7264.9505083,2427.07665516,7392.82697657,5.42945148379,41,13.7991426502,17552.5094511,13.7991426502,17552.5094511,857017.510012,7.46459960938,6.65721971412,228.295674781,6.018205963702091,2.589820173058681,1273,MaxxTurn45/1539849905.2950788,636
13.8278410519,22.2622106227,0.0,2.42309570312,4.53125,6.40869140625,7.93212890625,13.3544921875,100.0,6.40869140625,0.00037397157816,0.0754405731369,-0.0173489714828,8856.64895966,2665.73046053,8850.22678215,5.39325514056,260,13.8278410519,18473.9956453,13.8278410519,18473.9956453,917776.329704,7.6171875,6.84516036456,224.578212484,6.324851707024685,2.6599312174856777,1337,MaxxTurn45/1539786937.1923714,523
13.9626807835,21.9532871152,0.0,2.60009765625,4.59716796875,6.34765625,7.96264648438,13.212890625,100.0,6.34765625,0.000394632991318,0.0757734818248,-0.0112551846943,7969.04966856,2459.02305032,7670.08959737,5.3118133683,646,13.9626807835,17676.753872,13.9626807835,17676.753872,857154.496051,7.7880859375,6.68433945796,200.547203081,6.036199844124605,2.5998219001953116,1267,MaxxTurn45/1539850831.8287823,645
13.6269632701,21.8071849396,0.0,2.1533203125,4.26513671875,5.9814453125,7.81860351563,13.5913085938,100.0,5.9814453125,0.000269832703724,0.0787738285588,-0.0160987189033,19485.3918545,6096.00072684,18790.4828566,5.48374599862,1165,13.6269632701,25237.1359762,13.6269632701,25237.1359762,1224815.95848,8.02612304688,6.93968731295,171.882283742,5.961167661742584,2.581775824378119,1853,MaxxTurn45/1539782347.9170697,475
13.7749863552,22.2682178074,0.0,2.6123046875,4.37744140625,6.07299804688,7.5830078125,13.0163574219,100.0,6.07299804688,0.000384911470362,0.0723011358455,-0.0152536832731,7539.44686992,2226.17638383,7315.70806283,5.01319353669,41,13.7749863552,17879.932289,13.7749863552,17879.932289,890129.408129,7.55615234375,6.69985439256,225.349943579,6.229074357031079,2.6445898204649088,1299,MaxxTurn45/1539862020.776538,696
13.8151171928,22.3159714166,0.0,2.42553710938,4.30786132812,6.17065429688,7.861328125,13.1359863281,100.0,6.17065429688,0.000271296798698,0.0705052072079,-0.0142348684548,15066.4369309,5342.68231743,14475.9563904,5.34800971153,84,13.8151171928,25447.4458691,13.8151171928,25447.4458691,1269071.05725,7.79113769531,6.88747886184,192.492165091,6.012703590644286,2.6091207836762043,1843,MaxxTurn45/1539768640.7809675,403
13.3242369247,21.923497186,0.0,2.28515625,4.228515625,5.88989257812,7.46948242187,12.6953125,100.0,5.88989257812,0.000383729854183,0.0750266176439,-0.00820896717173,8273.22448606,2559.09463064,7910.18298091,5.13083165218,250,13.3242369247,17348.156476,13.3242369247,17348.156476,857121.409364,7.55004882812,6.69514462674,245.459646578,6.7128549632856735,2.7235836797072923,1303,MaxxTurn45/1539939667.1389508,910
13.8441627051,22.6028410502,0.0,2.49389648438,4.41162109375,6.00891113281,7.67944335938,13.4057617188,100.0,6.00891113281,0.000379362670713,0.0784937391365,-0.0175405952804,9406.51336083,2762.22575234,9510.30760217,5.14440528089,265,13.8441627051,18232.7622826,13.8441627051,18232.7622826,925449.042246,7.66906738281,6.73885197218,237.168847662,6.073171164530503,2.630313314091462,1318,MaxxTurn45/1539785550.775644,514
14.2608782996,23.2152908746,0.0,2.29858398438,4.24438476563,5.99365234375,7.6904296875,13.5327148438,100.0,5.99365234375,0.000383435582822,0.0714021721952,-0.00888347525976,7382.3882233,2320.04131713,7176.2031041,5.42040239798,136,14.2608782996,18581.9244244,14.2608782996,18581.9244244,967449.434139,7.94372558594,6.63984099834,231.691993754,5.383431411303965,2.512252807529044,1304,MaxxTurn45/1539939406.3814805,907
13.963201383,22.4375605827,0.0244140625,2.35473632813,4.52758789063,6.3720703125,7.65014648437,13.0883789063,100.0,6.3720703125,0.000377928949358,0.0743352521309,-0.0108494599335,8368.04146544,2872.89094604,8308.24503225,5.33896062572,41,13.963201383,18459.3522283,13.963201383,18459.3522283,923499.756679,7.50122070312,6.78356178651,239.821660642,5.864002006507484,2.588568149007925,1323,MaxxTurn45/1539862497.5299973,702
13.599334366,22.3779078655,0.0,2.35595703125,4.16015625,6.005859375,7.49755859375,13.2934570312,100.0,6.005859375,0.000383141762452,0.079084490284,-0.0118789971534,9368.07851274,3079.62823326,8997.16492535,5.21227342443,142,13.599334366,17733.5320133,13.599334366,17733.5320133,894354.244843,7.50122070312,6.69932947954,239.73003809,6.426082713658483,2.682061272166106,1305,MaxxTurn45/1539872383.8493233,811
13.2784597269,21.4698833248,0.0,2.25341796875,4.23706054688,6.03637695312,7.75024414062,12.6538085938,100.0,6.03637695312,0.00027114967462,0.0706014098825,-0.0101546198259,15130.0139968,4987.02032765,14472.6043567,5.23942068185,359,13.2784597269,24472.2012766,13.2784597269,24472.2012766,1174671.16181,7.57598876953,7.01796891442,194.379768499,6.547224620741744,2.6829245269732294,1844,MaxxTurn45/1539781839.2845745,469
13.9134031007,22.3095099311,0.0,2.38037109375,4.3701171875,6.103515625,7.75512695312,14.140625,100.0,6.103515625,0.000374812593703,0.0770202296423,-0.0129955145031,9243.5386677,3044.33035848,8650.19776368,5.37515696895,264,13.9134031007,18546.5663332,13.9134031007,18546.5663332,921692.50939,7.97882080078,6.76572617714,193.699060219,5.857910000843374,2.57997788101888,1334,MaxxTurn45/1539870859.9381595,793
13.8284324952,22.1995076256,0.0,2.39379882813,4.3359375,6.19506835938,7.80029296875,14.1479492188,100.0,6.19506835938,0.000271444082519,0.0725628622394,-0.0121989526862,16049.568395,4773.62670871,15612.1135379,5.29823973959,61,13.8284324952,25458.1442238,13.8284324952,25458.1442238,1259515.64796,7.63397216797,6.89976535093,207.524329571,6.17210742543835,2.6253238379030948,1842,MaxxTurn45/1539779920.3811874,451
13.7953730907,21.7594353965,0.0,2.60620117188,4.64477539062,6.35986328125,7.89184570312,13.671875,100.0,6.35986328125,0.000387296669249,0.0761308980256,-0.0147807072865,8388.65236227,2714.94563227,8432.89841408,5.49279508443,262,13.7953730907,17796.0312871,13.7953730907,17796.0312871,856473.410577,8.01696777344,6.71747688584,228.433982462,6.457100541700989,2.6663490666944067,1291,MaxxTurn45/1539860232.9746199,684
13.709258445,22.0003940202,0.0,2.392578125,4.38598632812,6.201171875,7.71850585938,13.4936523438,100.0,6.201171875,0.000385505011565,0.0724077645511,-0.0149484518837,7540.29133635,2384.61229525,7246.17593509,5.38420605475,262,13.709258445,17767.1989447,13.709258445,17767.1989447,871049.534753,7.72094726562,6.69165682116,218.06691869,6.194745941997997,2.6314490854611887,1297,MaxxTurn45/1539871834.823349,805
14.219343982,22.6147837319,0.0,2.45239257812,4.64477539062,6.3720703125,7.880859375,13.9636230469,100.0,6.3720703125,0.000383141762452,0.0835014618648,-0.0201856023028,10593.8983444,3284.27491723,10199.6632937,5.56518777088,267,14.219343982,18542.0245525,14.219343982,18542.0245525,930760.304965,8.31909179688,6.7213256095,212.854687467,5.575643250066689,2.5372221298027857,1305,MaxxTurn45/1539933743.6987958,850
14.0154004279,22.6119382059,0.006103515625,2.58056640625,4.47387695313,6.16455078125,7.8759765625,13.7414550781,100.0,6.16455078125,0.000381679389313,0.0771757968958,-0.015611248604,8931.94308378,3088.03720617,8417.82027116,5.27109248217,39,14.0154004279,18346.1591601,14.0154004279,18346.1591601,926616.570391,7.72247314453,6.79022984056,210.776534556,6.127845608975504,2.6392888540941684,1310,MaxxTurn45/1539860624.3439968,687
13.6270694355,21.934606074,0.0,2.25341796875,4.21997070312,6.10961914062,7.59765625,13.6706542969,100.0,6.10961914062,0.000380517503805,0.0761503378837,-0.0120713808782,8718.43744089,2753.84555392,8264.22049233,5.4565987412,830,13.6270694355,17892.3421688,13.6270694355,17892.3421688,875725.563094,7.70874023438,6.67550862695,203.075765064,6.132972448768703,2.6171942379362085,1314,MaxxTurn45/1539866060.4621706,745
13.6970433779,22.0881716805,0.0,2.41088867188,4.40307617188,6.2255859375,7.66967773438,14.4848632812,100.0,6.2255859375,0.000376789751319,0.0772429468648,-0.01982999636,9200.55379677,2890.00360073,8755.43558992,5.4475496554,149,13.6970433779,18162.2795191,13.6970433779,18162.2795191,895895.73659,7.76062011719,6.84078021991,218.003903416,6.405086779514836,2.6685264494311403,1327,MaxxTurn45/1539862250.1829941,699
13.5580160942,22.5391716597,0.0,2.10815429688,4.130859375,6.0302734375,7.59033203125,12.4975585938,100.0,6.0302734375,0.000383729854183,0.071387305791,-0.0108656508769,7366.46938113,2578.92552923,6741.6762812,5.42945148379,643,13.5580160942,17652.5369546,13.5580160942,17652.5369546,900951.765291,7.61413574219,6.70137628077,224.322152707,6.455831002511564,2.6953697135534695,1303,MaxxTurn45/1539864948.1786497,733
14.0047166011,21.9002126151,0.0,2.5634765625,4.37377929687,6.29272460938,7.98583984375,15.1330566406,100.0,6.29272460938,0.000385505011565,0.0862343132513,-0.0117729393642,11238.7117602,3702.52973633,10603.8889374,5.41135331217,44,14.0047166011,18150.112715,14.0047166011,18150.112715,875969.946049,8.12377929688,6.70424046717,188.665335382,5.762064471376428,2.5365755639331593,1297,MaxxTurn45/1539953786.2703774,1012
13.8115608812,22.1651828795,0.0,2.34375,4.37622070312,6.17065429688,7.72094726562,13.9282226562,100.0,6.17065429688,0.000387296669249,0.0825961531685,-0.0145941159028,10102.9961405,3151.25359311,9561.95156301,5.41135331217,252,13.8115608812,17816.9135368,13.8115608812,17816.9135368,880041.123629,7.62023925781,6.68506721701,187.23967762,6.072606616951726,2.609453675906245,1291,MaxxTurn45/1539952448.1299973,997
