,value,timestamp
2018-10-19 12:20:07.666,0.38,1539951607.666
2018-10-19 12:20:19.683,0.4,1539951619.683
2018-10-19 12:20:46.180,0.2,1539951646.18
2018-10-19 12:23:32.489,0.386,1539951812.489
2018-10-19 12:23:38.536,0.4,1539951818.536
2018-10-19 12:23:52.257,0.386,1539951832.257
2018-10-19 12:23:53.111,0.0,1539951833.111
2018-10-19 07:48:36.239,0.38,1539935316.239
2018-10-19 07:48:48.072,0.4,1539935328.072
2018-10-19 07:49:14.837,0.2,1539935354.837
2018-10-19 07:51:53.463,0.386,1539935513.463
2018-10-19 07:51:59.563,0.4,1539935519.563
2018-10-19 07:52:13.536,0.386,1539935533.536
2018-10-19 07:52:14.184,0.0,1539935534.184
2018-10-18 14:20:16.526,0.38,1539872416.526
2018-10-18 14:20:28.539,0.4,1539872428.539
2018-10-18 14:20:55.141,0.2,1539872455.141
2018-10-18 14:23:39.637,0.386,1539872619.637
2018-10-18 14:23:45.664,0.4,1539872625.664
2018-10-18 14:23:59.506,0.386,1539872639.506
2018-10-18 14:24:00.229,0.0,1539872640.229
2018-10-19 08:24:52.696,0.38,1539937492.696
2018-10-19 08:25:04.506,0.4,1539937504.506
2018-10-19 08:25:31.238,0.2,1539937531.238
2018-10-19 08:28:10.740,0.386,1539937690.74
2018-10-19 08:28:16.736,0.4,1539937696.736
2018-10-19 08:28:30.627,0.386,1539937710.627
2018-10-19 08:28:31.348,0.0,1539937711.348
2018-10-19 09:18:47.807,0.38,1539940727.807
2018-10-19 09:18:59.767,0.4,1539940739.767
2018-10-19 09:19:26.285,0.2,1539940766.285
2018-10-19 09:22:07.644,0.386,1539940927.644
2018-10-19 09:22:13.586,0.4,1539940933.586
2018-10-19 09:22:27.323,0.386,1539940947.323
2018-10-19 09:22:28.285,0.0,1539940948.285
2018-10-18 12:21:36.632,0.38,1539865296.632
2018-10-18 12:21:48.474,0.4,1539865308.474
2018-10-18 12:22:15.186,0.2,1539865335.186
2018-10-18 12:24:48.125,0.386,1539865488.125
2018-10-18 12:24:54.311,0.4,1539865494.311
2018-10-18 12:25:08.157,0.386,1539865508.157
2018-10-18 12:25:08.907,0.0,1539865508.907
2018-10-18 09:09:56.814,0.38,1539853796.814
2018-10-18 09:10:08.797,0.4,1539853808.797
2018-10-18 09:10:35.448,0.2,1539853835.448
2018-10-18 09:13:12.677,0.386,1539853992.677
2018-10-18 09:13:18.693,0.4,1539853998.693
2018-10-18 09:13:32.549,0.386,1539854012.549
2018-10-18 09:13:33.334,0.0,1539854013.334
2018-10-17 14:36:06.418,0.38,1539786966.418
2018-10-17 14:36:18.416,0.4,1539786978.416
2018-10-17 14:36:44.940,0.2,1539787004.94
2018-10-17 14:39:19.718,0.386,1539787159.718
2018-10-17 14:39:25.847,0.4,1539787165.847
2018-10-17 14:39:39.856,0.386,1539787179.856
2018-10-17 14:39:40.548,0.0,1539787180.548
2018-10-19 12:43:29.072,0.38,1539953009.072
2018-10-19 12:43:40.976,0.4,1539953020.976
2018-10-19 12:44:07.869,0.2,1539953047.869
2018-10-19 12:47:07.295,0.386,1539953227.295
2018-10-19 12:47:13.399,0.4,1539953233.399
2018-10-19 12:47:27.155,0.386,1539953247.155
2018-10-19 12:47:28.169,0.0,1539953248.169
2018-10-18 13:07:43.659,0.38,1539868063.659
2018-10-18 13:07:55.499,0.4,1539868075.499
2018-10-18 13:08:22.188,0.2,1539868102.188
2018-10-18 13:10:52.290,0.386,1539868252.29
2018-10-18 13:10:58.402,0.4,1539868258.402
2018-10-18 13:11:12.118,0.386,1539868272.118
2018-10-18 13:11:13.111,0.0,1539868273.111
2018-10-19 12:56:56.301,0.38,1539953816.301
2018-10-19 12:57:08.106,0.4,1539953828.106
2018-10-19 12:57:34.812,0.2,1539953854.812
2018-10-19 13:01:04.113,0.386,1539954064.113
2018-10-19 13:01:10.446,0.4,1539954070.446
2018-10-19 13:01:23.976,0.386,1539954083.976
2018-10-19 13:01:25.107,0.0,1539954085.107
2018-10-19 06:34:26.921,0.38,1539930866.921
2018-10-19 06:34:38.811,0.4,1539930878.811
2018-10-19 06:35:05.518,0.2,1539930905.518
2018-10-19 06:39:11.702,0.386,1539931151.702
2018-10-19 06:39:17.882,0.4,1539931157.882
2018-10-19 06:39:31.675,0.386,1539931171.675
2018-10-19 06:39:32.421,0.0,1539931172.421
2018-10-19 07:58:27.027,0.38,1539935907.027
2018-10-19 07:58:38.990,0.4,1539935918.99
2018-10-19 07:59:05.566,0.2,1539935945.566
2018-10-19 08:01:59.913,0.386,1539936119.913
2018-10-19 08:02:05.777,0.4,1539936125.777
2018-10-19 08:02:19.909,0.386,1539936139.909
2018-10-19 08:02:20.394,0.0,1539936140.394
2018-10-18 08:14:30.890,0.38,1539850470.89
2018-10-18 08:14:42.822,0.4,1539850482.822
2018-10-18 08:15:09.501,0.2,1539850509.501
2018-10-18 08:17:57.784,0.386,1539850677.784
2018-10-18 08:18:04.036,0.4,1539850684.036
2018-10-18 08:18:17.714,0.386,1539850697.714
2018-10-18 08:18:18.493,0.0,1539850698.493
2018-10-17 15:26:46.981,0.38,1539790006.981
2018-10-17 15:26:58.994,0.4,1539790018.994
2018-10-17 15:27:25.614,0.2,1539790045.614
2018-10-17 15:31:03.684,0.386,1539790263.684
2018-10-17 15:31:09.701,0.4,1539790269.701
2018-10-17 15:31:23.470,0.386,1539790283.47
2018-10-17 15:31:24.233,0.0,1539790284.233
2018-10-18 07:13:31.750,0.38,1539846811.75
2018-10-18 07:14:03.431,0.4,1539846843.431
2018-10-18 07:14:30.299,0.2,1539846870.299
2018-10-18 07:17:08.876,0.386,1539847028.876
2018-10-18 07:17:14.841,0.4,1539847034.841
2018-10-18 07:17:28.960,0.386,1539847048.96
2018-10-18 07:17:29.468,0.0,1539847049.468
2018-10-17 09:25:25.850,0.386,1539768325.85
2018-10-17 09:25:31.964,0.4,1539768331.964
2018-10-17 09:25:45.802,0.386,1539768345.802
2018-10-17 09:25:46.617,0.0,1539768346.617
2018-10-18 07:28:43.169,0.38,1539847723.169
2018-10-18 07:28:55.090,0.4,1539847735.09
2018-10-18 07:29:21.625,0.2,1539847761.625
2018-10-18 07:31:56.165,0.386,1539847916.165
2018-10-18 07:32:02.259,0.4,1539847922.259
2018-10-18 07:32:16.068,0.386,1539847936.068
2018-10-18 07:32:16.996,0.0,1539847936.996
2018-10-17 15:19:29.168,0.38,1539789569.168
2018-10-17 15:19:41.122,0.4,1539789581.122
2018-10-17 15:20:07.600,0.2,1539789607.6
2018-10-17 15:22:35.417,0.386,1539789755.417
2018-10-17 15:22:41.630,0.4,1539789761.63
2018-10-17 15:22:55.350,0.386,1539789775.35
2018-10-17 15:22:56.042,0.0,1539789776.042
2018-10-17 11:35:16.460,0.38,1539776116.46
2018-10-17 11:35:29.963,0.4,1539776129.963
2018-10-17 11:35:56.680,0.2,1539776156.68
2018-10-17 11:38:33.596,0.386,1539776313.596
2018-10-17 11:38:39.710,0.4,1539776319.71
2018-10-17 11:38:53.543,0.386,1539776333.543
2018-10-17 11:38:54.343,0.0,1539776334.343
2018-10-17 14:22:36.944,0.38,1539786156.944
2018-10-17 14:22:48.885,0.4,1539786168.885
2018-10-17 14:23:15.557,0.2,1539786195.557
2018-10-17 14:25:42.974,0.386,1539786342.974
2018-10-17 14:25:48.917,0.4,1539786348.917
2018-10-17 14:26:02.626,0.386,1539786362.626
2018-10-17 14:26:03.509,0.0,1539786363.509
2018-10-17 12:47:54.562,0.38,1539780474.562
2018-10-17 12:48:06.466,0.4,1539780486.466
2018-10-17 12:48:33.111,0.2,1539780513.111
2018-10-17 12:51:01.497,0.386,1539780661.497
2018-10-17 12:51:07.498,0.4,1539780667.498
2018-10-17 12:51:21.322,0.386,1539780681.322
2018-10-17 12:51:22.128,0.0,1539780682.128
2018-10-18 12:17:47.284,0.38,1539865067.284
2018-10-18 12:17:59.227,0.4,1539865079.227
2018-10-18 12:18:25.802,0.2,1539865105.802
2018-10-18 12:20:58.725,0.386,1539865258.725
2018-10-18 12:21:04.741,0.4,1539865264.741
2018-10-18 12:21:18.555,0.386,1539865278.555
2018-10-18 12:21:19.385,0.0,1539865279.385
2018-10-17 15:10:39.414,0.38,1539789039.414
2018-10-17 15:10:51.241,0.4,1539789051.241
2018-10-17 15:11:17.946,0.2,1539789077.946
2018-10-17 15:14:08.430,0.386,1539789248.43
2018-10-17 15:14:14.501,0.4,1539789254.501
2018-10-17 15:14:28.307,0.386,1539789268.307
2018-10-17 15:14:29.167,0.0,1539789269.167
2018-10-17 14:09:59.798,0.38,1539785399.798
2018-10-17 14:10:11.693,0.4,1539785411.693
2018-10-17 14:10:38.445,0.2,1539785438.445
2018-10-17 14:13:16.941,0.386,1539785596.941
2018-10-17 14:13:22.865,0.4,1539785602.865
2018-10-17 14:13:36.585,0.386,1539785616.585
2018-10-17 14:13:37.481,0.0,1539785617.481
2018-10-17 14:18:58.022,0.38,1539785938.022
2018-10-17 14:19:09.883,0.4,1539785949.883
2018-10-17 14:19:36.519,0.2,1539785976.519
2018-10-17 14:22:04.431,0.386,1539786124.431
2018-10-17 14:22:10.534,0.4,1539786130.534
2018-10-17 14:22:24.244,0.386,1539786144.244
2018-10-17 14:22:25.054,0.0,1539786145.054
2018-10-18 06:24:17.117,0.38,1539843857.117
2018-10-18 06:24:29.048,0.4,1539843869.048
2018-10-18 06:24:55.737,0.2,1539843895.737
2018-10-18 06:27:21.467,0.386,1539844041.467
2018-10-18 06:27:27.680,0.4,1539844047.68
2018-10-18 06:27:41.672,0.386,1539844061.672
2018-10-18 06:27:42.279,0.0,1539844062.279
2018-10-19 12:25:52.295,0.38,1539951952.295
2018-10-19 12:26:04.045,0.4,1539951964.045
2018-10-19 12:26:30.770,0.2,1539951990.77
2018-10-19 12:29:32.328,0.386,1539952172.328
2018-10-19 12:29:38.450,0.4,1539952178.45
2018-10-19 12:29:52.246,0.386,1539952192.246
2018-10-19 12:29:52.938,0.0,1539952192.938
2018-10-18 13:47:35.927,0.38,1539870455.927
2018-10-18 13:47:47.796,0.4,1539870467.796
2018-10-18 13:48:14.423,0.2,1539870494.423
2018-10-18 13:53:53.980,0.386,1539870833.98
2018-10-18 13:54:00.100,0.4,1539870840.1
2018-10-18 13:54:13.900,0.386,1539870853.9
2018-10-18 13:54:14.736,0.0,1539870854.736
2018-10-19 13:22:21.323,0.38,1539955341.323
2018-10-19 13:22:33.288,0.4,1539955353.288
2018-10-19 13:22:59.694,0.2,1539955379.694
2018-10-19 13:25:36.404,0.386,1539955536.404
2018-10-19 13:25:42.513,0.4,1539955542.513
2018-10-19 13:25:56.219,0.386,1539955556.219
2018-10-19 13:25:57.031,0.0,1539955557.031
2018-10-19 11:46:10.638,0.38,1539949570.638
2018-10-19 11:46:22.569,0.4,1539949582.569
2018-10-19 11:46:49.293,0.2,1539949609.293
2018-10-19 11:49:53.620,0.386,1539949793.62
2018-10-19 11:49:59.636,0.4,1539949799.636
2018-10-19 11:50:13.670,0.386,1539949813.67
2018-10-19 11:50:14.302,0.0,1539949814.302
2018-10-17 15:31:48.052,0.38,1539790308.052
2018-10-17 15:31:57.837,0.4,1539790317.837
2018-10-17 15:32:24.452,0.2,1539790344.452
2018-10-17 15:34:55.233,0.386,1539790495.233
2018-10-17 15:35:01.079,0.4,1539790501.079
2018-10-17 15:35:14.885,0.386,1539790514.885
2018-10-17 15:35:15.685,0.0,1539790515.685
2018-10-18 15:00:43.492,0.38,1539874843.492
2018-10-18 15:00:55.398,0.4,1539874855.398
2018-10-18 15:01:22.001,0.2,1539874882.001
2018-10-18 15:03:58.202,0.386,1539875038.202
2018-10-18 15:04:04.170,0.4,1539875044.17
2018-10-18 15:04:18.189,0.386,1539875058.189
2018-10-18 15:04:18.800,0.0,1539875058.8
2018-10-19 13:05:58.500,0.38,1539954358.5
2018-10-19 13:06:10.404,0.4,1539954370.404
2018-10-19 13:06:37.027,0.2,1539954397.027
2018-10-19 13:09:24.304,0.386,1539954564.304
2018-10-19 13:09:30.425,0.4,1539954570.425
2018-10-19 13:09:44.544,0.386,1539954584.544
2018-10-19 13:09:44.835,0.0,1539954584.835
2018-10-19 09:22:48.154,0.38,1539940968.154
2018-10-19 09:22:59.671,0.4,1539940979.671
2018-10-19 09:23:26.363,0.2,1539941006.363
2018-10-19 09:25:57.880,0.386,1539941157.88
2018-10-19 09:26:03.990,0.4,1539941163.99
2018-10-19 09:26:17.697,0.386,1539941177.697
2018-10-19 09:26:18.497,0.0,1539941178.497
2018-10-17 12:04:37.662,0.38,1539777877.662
2018-10-17 12:04:49.387,0.4,1539777889.387
2018-10-17 12:05:16.109,0.2,1539777916.109
2018-10-17 12:18:17.623,0.386,1539778697.623
2018-10-17 12:18:23.644,0.4,1539778703.644
2018-10-17 12:18:37.486,0.386,1539778717.486
2018-10-17 12:18:38.354,0.0,1539778718.354
2018-10-18 12:51:58.323,0.38,1539867118.323
2018-10-18 12:52:10.182,0.4,1539867130.182
2018-10-18 12:52:36.852,0.2,1539867156.852
2018-10-18 12:55:10.268,0.386,1539867310.268
2018-10-18 12:55:16.372,0.4,1539867316.372
2018-10-18 12:55:30.095,0.386,1539867330.095
2018-10-18 12:55:30.995,0.0,1539867330.995
2018-10-19 08:28:49.733,0.38,1539937729.733
2018-10-19 08:29:01.651,0.4,1539937741.651
2018-10-19 08:29:28.259,0.2,1539937768.259
2018-10-19 08:32:04.189,0.386,1539937924.189
2018-10-19 08:32:10.484,0.4,1539937930.484
2018-10-19 08:32:24.104,0.386,1539937944.104
2018-10-19 08:32:24.921,0.0,1539937944.921
2018-10-17 12:00:07.479,0.38,1539777607.479
2018-10-17 12:00:19.383,0.4,1539777619.383
2018-10-17 12:00:46.125,0.2,1539777646.125
2018-10-17 12:04:04.340,0.386,1539777844.34
2018-10-17 12:04:10.493,0.4,1539777850.493
2018-10-17 12:04:24.149,0.386,1539777864.149
2018-10-17 12:04:24.949,0.0,1539777864.949
2018-10-18 11:57:01.560,0.38,1539863821.56
2018-10-18 11:57:13.506,0.4,1539863833.506
2018-10-18 11:57:39.918,0.2,1539863859.918
2018-10-18 12:00:12.556,0.386,1539864012.556
2018-10-18 12:00:18.865,0.4,1539864018.865
2018-10-18 12:00:32.379,0.386,1539864032.379
2018-10-18 12:00:33.179,0.0,1539864033.179
2018-10-17 15:39:28.914,0.38,1539790768.914
2018-10-17 15:39:40.632,0.4,1539790780.632
2018-10-17 15:40:07.239,0.2,1539790807.239
2018-10-17 15:42:46.250,0.386,1539790966.25
2018-10-17 15:42:52.247,0.4,1539790972.247
2018-10-17 15:43:06.056,0.386,1539790986.056
2018-10-17 15:43:06.766,0.0,1539790986.766
2018-10-18 09:45:06.597,0.38,1539855906.597
2018-10-18 09:45:18.404,0.4,1539855918.404
2018-10-18 09:45:45.128,0.2,1539855945.128
2018-10-18 09:48:30.675,0.386,1539856110.675
2018-10-18 09:48:36.729,0.4,1539856116.729
2018-10-18 09:48:50.589,0.386,1539856130.589
2018-10-18 09:48:51.342,0.0,1539856131.342
2018-10-17 14:58:40.212,0.38,1539788320.212
2018-10-17 14:58:52.068,0.4,1539788332.068
2018-10-17 14:59:18.777,0.2,1539788358.777
2018-10-17 15:01:43.138,0.386,1539788503.138
2018-10-17 15:01:49.217,0.4,1539788509.217
2018-10-17 15:02:02.947,0.386,1539788522.947
2018-10-17 15:02:03.723,0.0,1539788523.723
2018-10-19 11:50:40.122,0.38,1539949840.122
2018-10-19 11:50:52.037,0.4,1539949852.037
2018-10-19 11:51:18.752,0.2,1539949878.752
2018-10-19 11:54:10.315,0.386,1539950050.315
2018-10-19 11:54:16.397,0.4,1539950056.397
2018-10-19 11:54:30.119,0.386,1539950070.119
2018-10-19 11:54:31.179,0.0,1539950071.179
2018-10-19 12:07:52.185,0.38,1539950872.185
2018-10-19 12:08:03.991,0.4,1539950883.991
2018-10-19 12:08:30.702,0.2,1539950910.702
2018-10-19 12:11:09.671,0.386,1539951069.671
2018-10-19 12:11:15.589,0.4,1539951075.589
2018-10-19 12:11:29.361,0.386,1539951089.361
2018-10-19 12:11:30.102,0.0,1539951090.102
2018-10-18 09:04:53.485,0.38,1539853493.485
2018-10-18 09:05:05.419,0.4,1539853505.419
2018-10-18 09:05:32.006,0.2,1539853532.006
2018-10-18 09:09:00.522,0.386,1539853740.522
2018-10-18 09:09:06.791,0.4,1539853746.791
2018-10-18 09:09:20.353,0.386,1539853760.353
2018-10-18 09:09:21.348,0.0,1539853761.348
2018-10-18 14:41:27.806,0.38,1539873687.806
2018-10-18 14:41:39.671,0.4,1539873699.671
2018-10-18 14:42:06.495,0.2,1539873726.495
2018-10-18 14:44:47.868,0.386,1539873887.868
2018-10-18 14:44:53.997,0.4,1539873893.997
2018-10-18 14:45:07.711,0.386,1539873907.711
2018-10-18 14:45:08.556,0.0,1539873908.556
2018-10-18 14:16:21.801,0.38,1539872181.801
2018-10-18 14:16:33.662,0.4,1539872193.662
2018-10-18 14:17:00.330,0.2,1539872220.33
2018-10-18 14:19:38.696,0.386,1539872378.696
2018-10-18 14:19:44.841,0.4,1539872384.841
2018-10-18 14:19:58.480,0.386,1539872398.48
2018-10-18 14:19:59.272,0.0,1539872399.272
2018-10-18 12:25:43.952,0.38,1539865543.952
2018-10-18 12:25:55.756,0.4,1539865555.756
2018-10-18 12:26:22.590,0.2,1539865582.59
2018-10-18 12:28:53.826,0.386,1539865733.826
2018-10-18 12:29:00.205,0.4,1539865740.205
2018-10-18 12:29:13.650,0.386,1539865753.65
2018-10-18 12:29:14.611,0.0,1539865754.611
2018-10-19 09:06:30.616,0.38,1539939990.616
2018-10-19 09:06:42.618,0.4,1539940002.618
2018-10-19 09:07:09.211,0.2,1539940029.211
2018-10-19 09:09:46.182,0.386,1539940186.182
2018-10-19 09:09:52.320,0.4,1539940192.32
2018-10-19 09:10:05.997,0.386,1539940205.997
2018-10-19 09:10:06.837,0.0,1539940206.837
2018-10-18 14:12:22.319,0.38,1539871942.319
2018-10-18 14:12:34.261,0.4,1539871954.261
2018-10-18 14:13:01.127,0.2,1539871981.127
2018-10-18 14:15:45.623,0.386,1539872145.623
2018-10-18 14:15:51.579,0.4,1539872151.579
2018-10-18 14:16:05.305,0.386,1539872165.305
2018-10-18 14:16:06.185,0.0,1539872166.185
2018-10-18 08:57:45.537,0.38,1539853065.537
2018-10-18 08:57:57.437,0.4,1539853077.437
2018-10-18 08:58:24.215,0.2,1539853104.215
2018-10-18 09:01:12.560,0.386,1539853272.56
2018-10-18 09:01:18.698,0.4,1539853278.698
2018-10-18 09:01:32.560,0.386,1539853292.56
2018-10-18 09:01:33.296,0.0,1539853293.296
2018-10-19 08:02:38.454,0.38,1539936158.454
2018-10-19 08:02:50.357,0.4,1539936170.357
2018-10-19 08:03:17.089,0.2,1539936197.089
2018-10-19 08:06:09.850,0.386,1539936369.85
2018-10-19 08:06:15.954,0.4,1539936375.954
2018-10-19 08:06:29.871,0.386,1539936389.871
2018-10-19 08:06:30.595,0.0,1539936390.595
2018-10-18 14:37:34.030,0.38,1539873454.03
2018-10-18 14:37:45.917,0.4,1539873465.917
2018-10-18 14:38:12.628,0.2,1539873492.628
2018-10-18 14:40:52.413,0.386,1539873652.413
2018-10-18 14:40:58.427,0.4,1539873658.427
2018-10-18 14:41:12.232,0.386,1539873672.232
2018-10-18 14:41:13.032,0.0,1539873673.032
2018-10-17 09:31:03.713,0.38,1539768663.713
2018-10-17 09:31:15.616,0.4,1539768675.616
2018-10-17 09:31:42.238,0.2,1539768702.238
2018-10-17 09:34:24.649,0.386,1539768864.649
2018-10-17 09:34:30.786,0.4,1539768870.786
2018-10-17 09:34:44.585,0.386,1539768884.585
2018-10-17 09:34:45.380,0.0,1539768885.38
2018-10-18 12:04:49.368,0.38,1539864289.368
2018-10-18 12:05:01.272,0.4,1539864301.272
2018-10-18 12:05:28.013,0.2,1539864328.013
2018-10-18 12:08:17.840,0.386,1539864497.84
2018-10-18 12:08:23.980,0.4,1539864503.98
2018-10-18 12:08:37.653,0.386,1539864517.653
2018-10-18 12:08:38.479,0.0,1539864518.479
2018-10-17 13:01:04.421,0.38,1539781264.421
2018-10-17 13:01:16.386,0.4,1539781276.386
2018-10-17 13:01:43.043,0.2,1539781303.043
2018-10-17 13:08:20.389,0.386,1539781700.389
2018-10-17 13:08:26.491,0.4,1539781706.491
2018-10-17 13:08:40.299,0.386,1539781720.299
2018-10-17 13:08:41.098,0.0,1539781721.098
2018-10-19 08:36:55.195,0.38,1539938215.195
2018-10-19 08:37:07.089,0.4,1539938227.089
2018-10-19 08:37:33.808,0.2,1539938253.808
2018-10-19 08:40:32.042,0.386,1539938432.042
2018-10-19 08:40:38.121,0.4,1539938438.121
2018-10-19 08:40:51.867,0.386,1539938451.867
2018-10-19 08:40:52.690,0.0,1539938452.69
2018-10-19 11:59:20.406,0.38,1539950360.406
2018-10-19 11:59:32.381,0.4,1539950372.381
2018-10-19 11:59:58.911,0.2,1539950398.911
2018-10-19 12:02:54.177,0.386,1539950574.177
2018-10-19 12:03:00.188,0.4,1539950580.188
2018-10-19 12:03:13.911,0.386,1539950593.911
2018-10-19 12:03:14.712,0.0,1539950594.712
2018-10-17 14:31:31.770,0.38,1539786691.77
2018-10-17 14:31:43.761,0.4,1539786703.761
2018-10-17 14:32:10.406,0.2,1539786730.406
2018-10-17 14:34:45.546,0.386,1539786885.546
2018-10-17 14:34:51.619,0.4,1539786891.619
2018-10-17 14:35:05.481,0.386,1539786905.481
2018-10-17 14:35:06.240,0.0,1539786906.24
2018-10-19 07:52:39.158,0.38,1539935559.158
2018-10-19 07:52:51.070,0.4,1539935571.07
2018-10-19 07:53:17.748,0.2,1539935597.748
2018-10-19 07:56:11.010,0.386,1539935771.01
2018-10-19 07:56:17.222,0.4,1539935777.222
2018-10-19 07:56:30.932,0.386,1539935790.932
2018-10-19 07:56:32.051,0.0,1539935792.051
2018-10-17 12:56:25.433,0.38,1539780985.433
2018-10-17 12:56:37.402,0.4,1539780997.402
2018-10-17 12:57:03.947,0.2,1539781023.947
2018-10-17 13:00:11.433,0.386,1539781211.433
2018-10-17 13:00:17.496,0.4,1539781217.496
2018-10-17 13:00:31.238,0.386,1539781231.238
2018-10-17 13:00:32.251,0.0,1539781232.251
2018-10-18 13:26:07.317,0.38,1539869167.317
2018-10-18 13:26:37.694,0.4,1539869197.694
2018-10-18 13:27:36.301,0.2,1539869256.301
2018-10-18 13:30:28.703,0.386,1539869428.703
2018-10-18 13:30:34.907,0.4,1539869434.907
2018-10-18 13:30:48.598,0.386,1539869448.598
2018-10-18 13:30:49.323,0.0,1539869449.323
2018-10-18 08:09:56.521,0.38,1539850196.521
2018-10-18 08:10:08.167,0.4,1539850208.167
2018-10-18 08:10:35.235,0.2,1539850235.235
2018-10-18 08:13:28.469,0.386,1539850408.469
2018-10-18 08:13:34.598,0.4,1539850414.598
2018-10-18 08:13:48.487,0.386,1539850428.487
2018-10-18 08:13:49.178,0.0,1539850429.178
2018-10-19 11:12:45.095,0.38,1539947565.095
2018-10-19 11:12:56.699,0.4,1539947576.699
2018-10-19 11:13:23.517,0.2,1539947603.517
2018-10-19 11:16:32.629,0.386,1539947792.629
2018-10-19 11:16:38.760,0.4,1539947798.76
2018-10-19 11:16:52.467,0.386,1539947812.467
2018-10-19 11:16:53.304,0.0,1539947813.304
2018-10-19 08:44:56.291,0.38,1539938696.291
2018-10-19 08:45:08.101,0.4,1539938708.101
2018-10-19 08:45:34.830,0.2,1539938734.83
2018-10-19 08:48:12.171,0.386,1539938892.171
2018-10-19 08:48:18.311,0.4,1539938898.311
2018-10-19 08:48:31.990,0.386,1539938911.99
2018-10-19 08:48:32.889,0.0,1539938912.889
2018-10-18 13:54:31.533,0.38,1539870871.533
2018-10-18 13:54:43.198,0.4,1539870883.198
2018-10-18 13:55:09.902,0.2,1539870909.902
2018-10-18 13:58:24.683,0.386,1539871104.683
2018-10-18 13:58:30.687,0.4,1539871110.687
2018-10-18 13:58:44.628,0.386,1539871124.628
2018-10-18 13:58:45.304,0.0,1539871125.304
2018-10-19 08:32:53.393,0.38,1539937973.393
2018-10-19 08:33:05.259,0.4,1539937985.259
2018-10-19 08:33:31.948,0.2,1539938011.948
2018-10-19 08:36:10.405,0.386,1539938170.405
2018-10-19 08:36:16.531,0.4,1539938176.531
2018-10-19 08:36:30.236,0.386,1539938190.236
2018-10-19 08:36:31.135,0.0,1539938191.135
2018-10-18 08:44:04.238,0.38,1539852244.238
2018-10-18 08:44:16.177,0.4,1539852256.177
2018-10-18 08:44:42.747,0.2,1539852282.747
2018-10-18 08:47:10.887,0.386,1539852430.887
2018-10-18 08:47:17.002,0.4,1539852437.002
2018-10-18 08:47:30.823,0.386,1539852450.823
2018-10-18 08:47:31.632,0.0,1539852451.632
2018-10-17 13:08:53.188,0.38,1539781733.188
2018-10-17 13:09:04.990,0.4,1539781744.99
2018-10-17 13:09:31.701,0.2,1539781771.701
2018-10-17 13:12:11.673,0.386,1539781931.673
2018-10-17 13:12:17.831,0.4,1539781937.831
2018-10-17 13:12:31.493,0.386,1539781951.493
2018-10-17 13:12:32.293,0.0,1539781952.293
2018-10-19 11:34:04.886,0.38,1539948844.886
2018-10-19 11:34:16.867,0.4,1539948856.867
2018-10-19 11:34:43.507,0.2,1539948883.507
2018-10-19 11:37:42.154,0.386,1539949062.154
2018-10-19 11:37:48.278,0.4,1539949068.278
2018-10-19 11:38:01.978,0.386,1539949081.978
2018-10-19 11:38:02.779,0.0,1539949082.779
2018-10-18 14:53:09.583,0.38,1539874389.583
2018-10-18 14:53:21.437,0.4,1539874401.437
2018-10-18 14:53:48.069,0.2,1539874428.069
2018-10-18 14:56:21.300,0.386,1539874581.3
2018-10-18 14:56:27.413,0.4,1539874587.413
2018-10-18 14:56:41.465,0.386,1539874601.465
2018-10-18 14:56:41.989,0.0,1539874601.989
2018-10-17 14:53:56.546,0.38,1539788036.546
2018-10-17 14:54:08.420,0.4,1539788048.42
2018-10-17 14:54:35.124,0.2,1539788075.124
2018-10-17 14:57:23.015,0.386,1539788243.015
2018-10-17 14:57:29.226,0.4,1539788249.226
2018-10-17 14:57:43.044,0.386,1539788263.044
2018-10-17 14:57:43.690,0.0,1539788263.69
2018-10-18 11:21:26.512,0.38,1539861686.512
2018-10-18 11:21:38.417,0.4,1539861698.417
2018-10-18 11:22:05.125,0.2,1539861725.125
2018-10-18 11:24:40.036,0.386,1539861880.036
2018-10-18 11:24:46.145,0.4,1539861886.145
2018-10-18 11:24:59.867,0.386,1539861899.867
2018-10-18 11:25:00.665,0.0,1539861900.665
2018-10-18 08:06:06.835,0.38,1539849966.835
2018-10-18 08:06:18.806,0.4,1539849978.806
2018-10-18 08:06:45.517,0.2,1539850005.517
2018-10-18 08:09:11.121,0.386,1539850151.121
2018-10-18 08:09:17.177,0.4,1539850157.177
2018-10-18 08:09:30.907,0.386,1539850170.907
2018-10-18 08:09:31.707,0.0,1539850171.707
2018-10-17 14:02:18.851,0.38,1539784938.851
2018-10-17 14:02:30.837,0.4,1539784950.837
2018-10-17 14:02:57.472,0.2,1539784977.472
2018-10-17 14:05:25.255,0.386,1539785125.255
2018-10-17 14:05:31.427,0.4,1539785131.427
2018-10-17 14:05:45.204,0.386,1539785145.204
2018-10-17 14:05:45.869,0.0,1539785145.869
2018-10-17 14:14:37.734,0.38,1539785677.734
2018-10-17 14:14:49.571,0.4,1539785689.571
2018-10-17 14:15:16.264,0.2,1539785716.264
2018-10-17 14:18:26.262,0.386,1539785906.262
2018-10-17 14:18:32.380,0.4,1539785912.38
2018-10-17 14:18:46.076,0.386,1539785926.076
2018-10-17 14:18:46.972,0.0,1539785926.972
2018-10-18 07:59:47.670,0.38,1539849587.67
2018-10-18 07:59:59.735,0.4,1539849599.735
2018-10-18 08:00:26.159,0.2,1539849626.159
2018-10-18 08:02:51.875,0.386,1539849771.875
2018-10-18 08:02:58.112,0.4,1539849778.112
2018-10-18 08:03:11.715,0.386,1539849791.715
2018-10-18 08:03:12.616,0.0,1539849792.616
2018-10-17 09:53:38.912,0.38,1539770018.912
2018-10-17 09:53:50.715,0.4,1539770030.715
2018-10-17 09:54:17.424,0.2,1539770057.424
2018-10-17 09:58:31.690,0.386,1539770311.69
2018-10-17 09:58:37.770,0.4,1539770317.77
2018-10-17 09:58:51.579,0.386,1539770331.579
2018-10-17 09:58:52.380,0.0,1539770332.38
2018-10-19 12:15:44.177,0.38,1539951344.177
2018-10-19 12:15:56.338,0.4,1539951356.338
2018-10-19 12:16:22.948,0.2,1539951382.948
2018-10-19 12:19:30.793,0.386,1539951570.793
2018-10-19 12:19:36.759,0.4,1539951576.759
2018-10-19 12:19:50.479,0.386,1539951590.479
2018-10-19 12:19:51.279,0.0,1539951591.279
2018-10-19 12:11:48.477,0.38,1539951108.477
2018-10-19 12:12:00.311,0.4,1539951120.311
2018-10-19 12:12:27.307,0.2,1539951147.307
2018-10-19 12:15:04.600,0.386,1539951304.6
2018-10-19 12:15:10.602,0.4,1539951310.602
2018-10-19 12:15:24.283,0.386,1539951324.283
2018-10-19 12:15:25.083,0.0,1539951325.083
2018-10-18 09:26:24.559,0.38,1539854784.559
2018-10-18 09:26:36.416,0.4,1539854796.416
2018-10-18 09:27:03.253,0.2,1539854823.253
2018-10-18 09:29:55.634,0.386,1539854995.634
2018-10-18 09:30:01.684,0.4,1539855001.684
2018-10-18 09:30:15.402,0.386,1539855015.402
2018-10-18 09:30:16.218,0.0,1539855016.218
2018-10-19 11:17:12.070,0.38,1539947832.07
2018-10-19 11:17:24.018,0.4,1539947844.018
2018-10-19 11:17:50.535,0.2,1539947870.535
2018-10-19 11:21:15.539,0.386,1539948075.539
2018-10-19 11:21:21.617,0.4,1539948081.617
2018-10-19 11:21:35.323,0.386,1539948095.323
2018-10-19 11:21:36.221,0.0,1539948096.221
2018-10-17 12:34:17.353,0.38,1539779657.353
2018-10-17 12:34:29.324,0.4,1539779669.324
2018-10-17 12:34:56.005,0.2,1539779696.005
2018-10-17 12:35:52.501,0.2,1539779752.501
2018-10-17 12:37:38.007,0.386,1539779858.007
2018-10-17 12:37:44.085,0.4,1539779864.085
2018-10-17 12:37:57.837,0.386,1539779877.837
2018-10-17 12:37:58.598,0.0,1539779878.598
2018-10-18 13:59:14.900,0.38,1539871154.9
2018-10-18 13:59:26.846,0.4,1539871166.846
2018-10-18 13:59:53.522,0.2,1539871193.522
2018-10-18 14:02:36.915,0.386,1539871356.915
2018-10-18 14:02:43.033,0.4,1539871363.033
2018-10-18 14:02:56.927,0.386,1539871376.927
2018-10-18 14:02:57.570,0.0,1539871377.57
2018-10-18 12:38:39.279,0.38,1539866319.279
2018-10-18 12:38:51.015,0.4,1539866331.015
2018-10-18 12:39:17.733,0.2,1539866357.733
2018-10-18 12:41:49.358,0.386,1539866509.358
2018-10-18 12:41:55.435,0.4,1539866515.435
2018-10-18 12:42:09.117,0.386,1539866529.117
2018-10-18 12:42:09.918,0.0,1539866529.918
2018-10-19 11:21:56.876,0.38,1539948116.876
2018-10-19 11:22:08.586,0.4,1539948128.586
2018-10-19 11:22:35.333,0.2,1539948155.333
2018-10-19 11:25:21.467,0.386,1539948321.467
2018-10-19 11:25:27.570,0.4,1539948327.57
2018-10-19 11:25:41.288,0.386,1539948341.288
2018-10-19 11:25:41.989,0.0,1539948341.989
2018-10-17 15:15:50.921,0.38,1539789350.921
2018-10-17 15:16:02.755,0.4,1539789362.755
2018-10-17 15:16:29.427,0.2,1539789389.427
2018-10-17 15:18:56.900,0.386,1539789536.9
2018-10-17 15:19:02.845,0.4,1539789542.845
2018-10-17 15:19:16.701,0.386,1539789556.701
2018-10-17 15:19:17.451,0.0,1539789557.451
2018-10-18 13:43:40.140,0.38,1539870220.14
2018-10-18 13:43:52.102,0.4,1539870232.102
2018-10-18 13:44:18.792,0.2,1539870258.792
2018-10-18 13:46:53.683,0.386,1539870413.683
2018-10-18 13:46:59.816,0.4,1539870419.816
2018-10-18 13:47:13.519,0.386,1539870433.519
2018-10-18 13:47:14.330,0.0,1539870434.33
2018-10-18 08:30:26.970,0.38,1539851426.97
2018-10-18 08:30:39.276,0.4,1539851439.276
2018-10-18 08:31:05.622,0.2,1539851465.622
2018-10-18 08:33:42.987,0.386,1539851622.987
2018-10-18 08:33:49.158,0.4,1539851629.158
2018-10-18 08:34:02.923,0.386,1539851642.923
2018-10-18 08:34:03.704,0.0,1539851643.704
2018-10-19 07:11:43.505,0.38,1539933103.505
2018-10-19 07:11:55.496,0.4,1539933115.496
2018-10-19 07:12:22.108,0.2,1539933142.108
2018-10-19 07:15:18.167,0.386,1539933318.167
2018-10-19 07:15:24.271,0.4,1539933324.271
2018-10-19 07:15:38.232,0.386,1539933338.232
2018-10-19 07:15:38.796,0.0,1539933338.796
2018-10-18 12:00:54.718,0.38,1539864054.718
2018-10-18 12:01:06.658,0.4,1539864066.658
2018-10-18 12:01:33.250,0.2,1539864093.25
2018-10-18 12:04:07.453,0.386,1539864247.453
2018-10-18 12:04:13.603,0.4,1539864253.603
2018-10-18 12:04:27.206,0.386,1539864267.206
2018-10-18 12:04:28.410,0.0,1539864268.41
2018-10-18 09:18:07.342,0.38,1539854287.342
2018-10-18 09:18:18.991,0.4,1539854298.991
2018-10-18 09:18:45.544,0.2,1539854325.544
2018-10-18 09:21:22.532,0.386,1539854482.532
2018-10-18 09:21:28.600,0.4,1539854488.6
2018-10-18 09:21:42.426,0.386,1539854502.426
2018-10-18 09:21:43.215,0.0,1539854503.215
2018-10-17 11:28:28.207,0.38,1539775708.207
2018-10-17 11:28:40.120,0.4,1539775720.12
2018-10-17 11:29:06.843,0.2,1539775746.843
2018-10-17 11:31:35.161,0.386,1539775895.161
2018-10-17 11:31:41.265,0.4,1539775901.265
2018-10-17 11:31:55.074,0.386,1539775915.074
2018-10-17 11:31:55.874,0.0,1539775915.874
2018-10-19 07:27:46.572,0.38,1539934066.572
2018-10-19 07:27:58.432,0.4,1539934078.432
2018-10-19 07:28:25.102,0.2,1539934105.102
2018-10-19 07:31:14.687,0.386,1539934274.687
2018-10-19 07:31:20.587,0.4,1539934280.587
2018-10-19 07:31:34.418,0.386,1539934294.418
2018-10-19 07:31:35.284,0.0,1539934295.284
2018-10-18 06:39:10.796,0.38,1539844750.796
2018-10-18 06:39:22.717,0.4,1539844762.717
2018-10-18 06:39:49.223,0.2,1539844789.223
2018-10-18 06:42:13.820,0.386,1539844933.82
2018-10-18 06:42:19.971,0.4,1539844939.971
2018-10-18 06:42:33.797,0.386,1539844953.797
2018-10-18 06:42:34.489,0.0,1539844954.489
2018-10-17 15:23:07.376,0.38,1539789787.376
2018-10-17 15:23:19.191,0.4,1539789799.191
2018-10-17 15:23:45.903,0.2,1539789825.903
2018-10-17 15:26:13.725,0.386,1539789973.725
2018-10-17 15:26:19.843,0.4,1539789979.843
2018-10-17 15:26:33.561,0.386,1539789993.561
2018-10-17 15:26:34.633,0.0,1539789994.633
2018-10-18 14:45:30.850,0.38,1539873930.85
2018-10-18 14:45:42.733,0.4,1539873942.733
2018-10-18 14:46:09.372,0.2,1539873969.372
2018-10-18 14:48:43.489,0.386,1539874123.489
2018-10-18 14:48:49.628,0.4,1539874129.628
2018-10-18 14:49:03.323,0.386,1539874143.323
2018-10-18 14:49:04.159,0.0,1539874144.159
2018-10-17 11:52:00.707,0.38,1539777120.707
2018-10-17 11:52:12.609,0.4,1539777132.609
2018-10-17 11:52:39.239,0.2,1539777159.239
2018-10-17 11:55:08.932,0.386,1539777308.932
2018-10-17 11:55:15.050,0.4,1539777315.05
2018-10-17 11:55:28.767,0.386,1539777328.767
2018-10-17 11:55:29.568,0.0,1539777329.568
2018-10-19 08:20:31.611,0.38,1539937231.611
2018-10-19 08:20:43.528,0.4,1539937243.528
2018-10-19 08:21:10.423,0.2,1539937270.423
2018-10-19 08:23:48.652,0.386,1539937428.652
2018-10-19 08:23:54.757,0.4,1539937434.757
2018-10-19 08:24:08.621,0.386,1539937448.621
2018-10-19 08:24:09.371,0.0,1539937449.371
2018-10-18 13:39:51.558,0.38,1539869991.558
2018-10-18 13:40:03.459,0.4,1539870003.459
2018-10-18 13:40:30.183,0.2,1539870030.183
2018-10-18 13:43:01.430,0.386,1539870181.43
2018-10-18 13:43:07.554,0.4,1539870187.554
2018-10-18 13:43:21.291,0.386,1539870201.291
2018-10-18 13:43:22.018,0.0,1539870202.018
2018-10-18 09:53:01.847,0.38,1539856381.847
2018-10-18 09:53:13.884,0.4,1539856393.884
2018-10-18 09:53:40.543,0.2,1539856420.543
2018-10-18 09:56:07.457,0.386,1539856567.457
2018-10-18 09:56:13.517,0.4,1539856573.517
2018-10-18 09:56:27.317,0.386,1539856587.317
2018-10-18 09:56:28.089,0.0,1539856588.089
2018-10-17 11:56:02.740,0.38,1539777362.74
2018-10-17 11:56:14.579,0.4,1539777374.579
2018-10-17 11:56:41.163,0.2,1539777401.163
2018-10-17 11:59:22.342,0.386,1539777562.342
2018-10-17 11:59:28.439,0.4,1539777568.439
2018-10-17 11:59:42.155,0.386,1539777582.155
2018-10-17 11:59:42.954,0.0,1539777582.954
2018-10-18 12:56:09.578,0.38,1539867369.578
2018-10-18 12:56:21.481,0.4,1539867381.481
2018-10-18 12:56:48.186,0.2,1539867408.186
2018-10-18 12:59:25.191,0.4,1539867565.191
2018-10-18 12:59:38.834,0.386,1539867578.834
2018-10-18 13:31:07.191,0.38,1539869467.191
2018-10-18 13:31:18.870,0.4,1539869478.87
2018-10-18 13:31:45.697,0.2,1539869505.697
2018-10-18 13:34:16.292,0.386,1539869656.292
2018-10-18 13:34:22.396,0.4,1539869662.396
2018-10-18 13:34:36.228,0.386,1539869676.228
2018-10-18 13:34:37.018,0.0,1539869677.018
2018-10-19 13:14:14.306,0.38,1539954854.306
2018-10-19 13:14:26.236,0.4,1539954866.236
2018-10-19 13:14:53.093,0.2,1539954893.093
2018-10-19 13:17:28.884,0.386,1539955048.884
2018-10-19 13:17:34.990,0.4,1539955054.99
2018-10-19 13:17:48.696,0.386,1539955068.696
2018-10-19 13:17:49.742,0.0,1539955069.742
2018-10-17 15:35:48.409,0.38,1539790548.409
2018-10-17 15:36:00.616,0.4,1539790560.616
2018-10-17 15:36:27.073,0.2,1539790587.073
2018-10-17 15:38:55.948,0.386,1539790735.948
2018-10-17 15:39:02.137,0.4,1539790742.137
2018-10-17 15:39:15.841,0.386,1539790755.841
2018-10-17 15:39:16.569,0.0,1539790756.569
2018-10-19 12:52:28.367,0.38,1539953548.367
2018-10-19 12:52:40.272,0.4,1539953560.272
2018-10-19 12:53:06.890,0.2,1539953586.89
2018-10-19 12:56:14.840,0.386,1539953774.84
2018-10-19 12:56:20.947,0.4,1539953780.947
2018-10-19 12:56:34.669,0.386,1539953794.669
2018-10-19 12:56:35.745,0.0,1539953795.745
2018-10-17 14:06:11.500,0.38,1539785171.5
2018-10-17 14:06:23.296,0.4,1539785183.296
2018-10-17 14:06:49.976,0.2,1539785209.976
2018-10-17 14:09:17.612,0.386,1539785357.612
2018-10-17 14:09:23.625,0.4,1539785363.625
2018-10-17 14:09:37.611,0.386,1539785377.611
2018-10-17 14:09:38.145,0.0,1539785378.145
2018-10-18 09:14:13.249,0.38,1539854053.249
2018-10-18 09:14:25.182,0.4,1539854065.182
2018-10-18 09:14:51.910,0.2,1539854091.91
2018-10-18 09:17:26.818,0.386,1539854246.818
2018-10-18 09:17:32.967,0.4,1539854252.967
2018-10-18 09:17:46.733,0.386,1539854266.733
2018-10-18 09:17:47.533,0.0,1539854267.533
2018-10-18 12:42:31.228,0.38,1539866551.228
2018-10-18 12:42:43.134,0.4,1539866563.134
2018-10-18 12:43:10.189,0.2,1539866590.189
2018-10-18 12:47:16.853,0.386,1539866836.853
2018-10-18 12:47:23.137,0.4,1539866843.137
2018-10-18 12:47:36.824,0.386,1539866856.824
2018-10-18 12:47:37.484,0.0,1539866857.484
2018-10-17 13:36:35.322,0.38,1539783395.322
2018-10-17 13:36:47.227,0.4,1539783407.227
2018-10-17 13:37:13.957,0.2,1539783433.957
2018-10-17 13:39:49.263,0.386,1539783589.263
2018-10-17 13:39:55.425,0.4,1539783595.425
2018-10-17 13:40:09.190,0.386,1539783609.19
2018-10-17 13:40:09.990,0.0,1539783609.99
2018-10-19 12:30:17.611,0.38,1539952217.611
2018-10-19 12:30:29.619,0.4,1539952229.619
2018-10-19 12:30:56.120,0.2,1539952256.12
2018-10-19 12:34:12.421,0.386,1539952452.421
2018-10-19 12:34:18.529,0.4,1539952458.529
2018-10-19 12:34:32.245,0.386,1539952472.245
2018-10-19 12:34:33.466,0.0,1539952473.466
2018-10-17 13:58:36.375,0.38,1539784716.375
2018-10-17 13:58:48.192,0.4,1539784728.192
2018-10-17 13:59:14.919,0.2,1539784754.919
2018-10-17 14:01:44.165,0.386,1539784904.165
2018-10-17 14:01:50.142,0.4,1539784910.142
2018-10-17 14:02:04.005,0.386,1539784924.005
2018-10-17 14:02:04.797,0.0,1539784924.797
2018-10-18 07:22:38.410,0.38,1539847358.41
2018-10-18 07:22:50.310,0.4,1539847370.31
2018-10-18 07:23:17.024,0.2,1539847397.024
2018-10-18 07:27:00.005,0.386,1539847620.005
2018-10-18 07:27:06.105,0.4,1539847626.105
2018-10-18 07:27:19.946,0.386,1539847639.946
2018-10-18 07:27:20.989,0.0,1539847640.989
2018-10-19 09:01:47.457,0.38,1539939707.457
2018-10-19 09:01:59.370,0.4,1539939719.37
2018-10-19 09:02:26.188,0.2,1539939746.188
2018-10-19 09:05:49.901,0.386,1539939949.901
2018-10-19 09:05:55.954,0.4,1539939955.954
2018-10-19 09:06:09.690,0.386,1539939969.69
2018-10-19 09:06:10.479,0.0,1539939970.479
2018-10-18 14:49:19.697,0.38,1539874159.697
2018-10-18 14:49:31.848,0.4,1539874171.848
2018-10-18 14:49:58.447,0.2,1539874198.447
2018-10-18 14:52:31.759,0.386,1539874351.759
2018-10-18 14:52:37.917,0.4,1539874357.917
2018-10-18 14:52:51.603,0.386,1539874371.603
2018-10-18 14:52:52.472,0.0,1539874372.472
2018-10-17 12:18:59.984,0.38,1539778739.984
2018-10-17 12:19:11.889,0.4,1539778751.889
2018-10-17 12:19:38.505,0.2,1539778778.505
2018-10-17 12:24:47.076,0.386,1539779087.076
2018-10-17 12:33:42.144,0.386,1539779622.144
2018-10-17 12:33:48.132,0.4,1539779628.132
2018-10-17 12:34:01.952,0.386,1539779641.952
2018-10-17 12:34:02.752,0.0,1539779642.752
2018-10-18 13:11:42.370,0.38,1539868302.37
2018-10-18 13:11:54.270,0.4,1539868314.27
2018-10-18 13:12:21.014,0.2,1539868341.014
2018-10-18 13:14:51.909,0.386,1539868491.909
2018-10-18 13:14:58.072,0.4,1539868498.072
2018-10-18 13:15:11.987,0.386,1539868511.987
2018-10-18 13:15:12.719,0.0,1539868512.719
2018-10-18 11:53:08.073,0.38,1539863588.073
2018-10-18 11:53:19.978,0.4,1539863599.978
2018-10-18 11:53:46.692,0.2,1539863626.692
2018-10-18 11:56:22.651,0.386,1539863782.651
2018-10-18 11:56:28.611,0.4,1539863788.611
2018-10-18 11:56:42.422,0.386,1539863802.422
2018-10-18 11:56:43.222,0.0,1539863803.222
2018-10-19 13:26:15.031,0.38,1539955575.031
2018-10-19 13:26:26.815,0.4,1539955586.815
2018-10-19 13:26:53.525,0.2,1539955613.525
2018-10-19 13:29:39.370,0.386,1539955779.37
2018-10-19 13:29:45.411,0.4,1539955785.411
2018-10-19 13:29:59.089,0.386,1539955799.089
2018-10-19 13:29:59.889,0.0,1539955799.889
2018-10-18 13:03:52.565,0.38,1539867832.565
2018-10-18 13:04:04.323,0.4,1539867844.323
2018-10-18 13:04:31.037,0.2,1539867871.037
2018-10-18 13:07:04.986,0.386,1539868024.986
2018-10-18 13:07:10.904,0.4,1539868030.904
2018-10-18 13:07:24.720,0.386,1539868044.72
2018-10-18 13:07:25.520,0.0,1539868045.52
2018-10-17 09:26:45.506,0.38,1539768405.506
2018-10-17 09:26:57.423,0.4,1539768417.423
2018-10-17 09:27:24.117,0.2,1539768444.117
2018-10-17 09:29:53.367,0.386,1539768593.367
2018-10-17 09:29:59.441,0.4,1539768599.441
2018-10-17 09:30:13.191,0.386,1539768613.191
2018-10-17 09:30:14.062,0.0,1539768614.062
2018-10-18 12:13:06.950,0.38,1539864786.95
2018-10-18 12:13:18.916,0.4,1539864798.916
2018-10-18 12:13:45.499,0.2,1539864825.499
2018-10-18 12:17:11.156,0.386,1539865031.156
2018-10-18 12:17:17.222,0.4,1539865037.222
2018-10-18 12:17:30.982,0.386,1539865050.982
2018-10-18 12:17:31.754,0.0,1539865051.754
2018-10-17 13:40:30.552,0.38,1539783630.552
2018-10-17 13:40:42.472,0.4,1539783642.472
2018-10-17 13:41:09.077,0.2,1539783669.077
2018-10-17 13:43:56.053,0.386,1539783836.053
2018-10-17 13:44:02.169,0.4,1539783842.169
2018-10-17 13:44:15.980,0.386,1539783855.98
2018-10-17 13:44:16.781,0.0,1539783856.781
2018-10-19 08:53:16.236,0.38,1539939196.236
2018-10-19 08:53:28.140,0.4,1539939208.14
2018-10-19 08:53:54.865,0.2,1539939234.865
2018-10-19 08:56:28.581,0.386,1539939388.581
2018-10-19 08:56:34.866,0.4,1539939394.866
2018-10-19 08:56:48.487,0.386,1539939408.487
2018-10-19 08:56:49.267,0.0,1539939409.267
2018-10-19 13:01:38.455,0.38,1539954098.455
2018-10-19 13:01:50.523,0.4,1539954110.523
2018-10-19 13:02:17.160,0.2,1539954137.16
2018-10-19 13:05:19.396,0.386,1539954319.396
2018-10-19 13:05:25.379,0.4,1539954325.379
2018-10-19 13:05:39.109,0.386,1539954339.109
2018-10-19 13:05:40.225,0.0,1539954340.225
2018-10-19 11:38:32.508,0.38,1539949112.508
2018-10-19 11:38:44.475,0.4,1539949124.475
2018-10-19 11:39:11.127,0.2,1539949151.127
2018-10-19 11:42:50.913,0.386,1539949370.913
2018-10-19 11:42:57.140,0.4,1539949377.14
2018-10-19 11:43:10.740,0.386,1539949390.74
2018-10-19 11:43:11.540,0.0,1539949391.54
2018-10-17 13:28:09.482,0.38,1539782889.482
2018-10-17 13:28:21.288,0.4,1539782901.288
2018-10-17 13:28:48.028,0.2,1539782928.028
2018-10-17 13:32:08.893,0.386,1539783128.893
2018-10-17 13:32:15.033,0.4,1539783135.033
2018-10-17 13:32:28.829,0.386,1539783148.829
2018-10-17 13:32:29.520,0.0,1539783149.52
2018-10-18 13:00:04.990,0.38,1539867604.99
2018-10-18 13:00:16.912,0.4,1539867616.912
2018-10-18 13:00:43.609,0.2,1539867643.609
2018-10-18 13:03:15.342,0.386,1539867795.342
2018-10-18 13:03:21.442,0.4,1539867801.442
2018-10-18 13:03:35.316,0.386,1539867815.316
2018-10-18 13:03:35.964,0.0,1539867815.964
2018-10-18 12:34:39.989,0.38,1539866079.989
2018-10-18 12:34:51.922,0.4,1539866091.922
2018-10-18 12:35:18.635,0.2,1539866118.635
2018-10-18 12:38:00.593,0.386,1539866280.593
2018-10-18 12:38:06.435,0.4,1539866286.435
2018-10-18 12:38:20.231,0.386,1539866300.231
2018-10-18 12:38:21.222,0.0,1539866301.222
2018-10-19 08:06:48.603,0.38,1539936408.603
2018-10-19 08:07:00.457,0.4,1539936420.457
2018-10-19 08:07:27.060,0.2,1539936447.06
2018-10-19 08:10:08.770,0.386,1539936608.77
2018-10-19 08:10:15.015,0.4,1539936615.015
2018-10-19 08:10:28.847,0.386,1539936628.847
2018-10-19 08:10:29.425,0.0,1539936629.425
2018-10-18 07:53:32.481,0.38,1539849212.481
2018-10-18 07:53:44.358,0.4,1539849224.358
2018-10-18 07:54:11.066,0.2,1539849251.066
2018-10-18 07:56:36.474,0.386,1539849396.474
2018-10-18 07:56:42.614,0.4,1539849402.614
2018-10-18 07:56:56.438,0.386,1539849416.438
2018-10-18 07:56:57.241,0.0,1539849417.241
2018-10-18 07:45:02.638,0.38,1539848702.638
2018-10-18 07:45:14.525,0.4,1539848714.525
2018-10-18 07:45:41.228,0.2,1539848741.228
2018-10-18 07:48:35.360,0.386,1539848915.36
2018-10-18 07:48:41.158,0.4,1539848921.158
2018-10-18 07:48:55.112,0.386,1539848935.112
2018-10-18 07:48:55.843,0.0,1539848935.843
2018-10-19 07:16:16.501,0.38,1539933376.501
2018-10-19 07:16:28.449,0.4,1539933388.449
2018-10-19 07:16:55.211,0.2,1539933415.211
2018-10-19 07:20:06.227,0.386,1539933606.227
2018-10-19 07:20:11.998,0.4,1539933611.998
2018-10-19 07:20:25.734,0.386,1539933625.734
2018-10-19 07:20:26.702,0.0,1539933626.702
2018-10-17 13:54:49.824,0.38,1539784489.824
2018-10-17 13:55:01.702,0.4,1539784501.702
2018-10-17 13:55:28.410,0.2,1539784528.41
2018-10-17 13:57:57.343,0.386,1539784677.343
2018-10-17 13:58:03.508,0.4,1539784683.508
2018-10-17 13:58:17.121,0.386,1539784697.121
2018-10-17 13:58:17.977,0.0,1539784697.977
2018-10-17 12:38:17.991,0.38,1539779897.991
2018-10-17 12:38:29.792,0.4,1539779909.792
2018-10-17 12:38:56.500,0.2,1539779936.5
2018-10-17 12:41:29.335,0.386,1539780089.335
2018-10-17 12:41:35.438,0.4,1539780095.438
2018-10-17 12:41:49.268,0.386,1539780109.268
2018-10-17 12:41:50.058,0.0,1539780110.058
2018-10-18 07:49:23.161,0.38,1539848963.161
2018-10-18 07:49:34.958,0.4,1539848974.958
2018-10-18 07:50:01.575,0.2,1539849001.575
2018-10-18 07:52:29.691,0.386,1539849149.691
2018-10-18 07:52:35.797,0.4,1539849155.797
2018-10-18 07:52:49.521,0.386,1539849169.521
2018-10-18 07:52:50.507,0.0,1539849170.507
2018-10-18 13:35:25.647,0.38,1539869725.647
2018-10-18 13:35:37.452,0.4,1539869737.452
2018-10-18 13:36:04.174,0.2,1539869764.174
2018-10-18 13:39:10.417,0.386,1539869950.417
2018-10-18 13:39:16.499,0.4,1539869956.499
2018-10-18 13:39:30.222,0.386,1539869970.222
2018-10-18 13:39:31.012,0.0,1539869971.012
2018-10-19 12:03:55.873,0.38,1539950635.873
2018-10-19 12:04:07.656,0.4,1539950647.656
2018-10-19 12:04:34.374,0.2,1539950674.374
2018-10-19 12:07:06.620,0.386,1539950826.62
2018-10-19 12:07:12.829,0.4,1539950832.829
2018-10-19 12:07:26.418,0.386,1539950846.418
2018-10-19 12:07:27.273,0.0,1539950847.273
2018-10-18 14:56:57.347,0.38,1539874617.347
2018-10-18 14:57:09.107,0.4,1539874629.107
2018-10-18 14:57:35.945,0.2,1539874655.945
2018-10-18 15:00:06.682,0.386,1539874806.682
2018-10-18 15:00:12.753,0.4,1539874812.753
2018-10-18 15:00:26.584,0.386,1539874826.584
2018-10-18 15:00:27.289,0.0,1539874827.289
2018-10-19 13:30:15.508,0.38,1539955815.508
2018-10-19 13:30:27.399,0.4,1539955827.399
2018-10-19 13:30:54.019,0.2,1539955854.019
2018-10-19 13:33:31.587,0.386,1539956011.587
2018-10-19 13:33:37.694,0.4,1539956017.694
2018-10-19 13:33:51.482,0.386,1539956031.482
2018-10-19 13:33:52.094,0.0,1539956032.094
2018-10-17 09:36:39.150,0.38,1539768999.15
2018-10-17 09:36:51.056,0.4,1539769011.056
2018-10-17 09:37:17.767,0.2,1539769037.767
2018-10-17 09:39:46.882,0.386,1539769186.882
2018-10-17 09:39:52.983,0.4,1539769192.983
2018-10-17 09:40:06.802,0.386,1539769206.802
2018-10-17 09:40:07.602,0.0,1539769207.602
2018-10-18 06:30:58.958,0.38,1539844258.958
2018-10-18 06:31:10.676,0.4,1539844270.676
2018-10-18 06:31:37.381,0.2,1539844297.381
2018-10-18 06:34:03.143,0.386,1539844443.143
2018-10-18 06:34:09.140,0.4,1539844449.14
2018-10-18 06:34:22.933,0.386,1539844462.933
2018-10-18 06:34:23.869,0.0,1539844463.869
2018-10-18 08:38:18.224,0.38,1539851898.224
2018-10-18 08:38:30.215,0.4,1539851910.215
2018-10-18 08:38:56.870,0.2,1539851936.87
2018-10-18 08:41:35.912,0.386,1539852095.912
2018-10-18 08:41:41.898,0.4,1539852101.898
2018-10-18 08:41:55.772,0.386,1539852115.772
2018-10-18 08:41:56.465,0.0,1539852116.465
2018-10-19 08:48:51.360,0.38,1539938931.36
2018-10-19 08:49:03.059,0.4,1539938943.059
2018-10-19 08:49:29.776,0.2,1539938969.776
2018-10-19 08:52:05.741,0.386,1539939125.741
2018-10-19 08:52:11.846,0.4,1539939131.846
2018-10-19 08:52:25.564,0.386,1539939145.564
2018-10-19 08:52:26.369,0.0,1539939146.369
2018-10-17 13:16:46.600,0.38,1539782206.6
2018-10-17 13:16:58.612,0.4,1539782218.612
2018-10-17 13:17:25.229,0.2,1539782245.229
2018-10-17 13:20:07.371,0.386,1539782407.371
2018-10-17 13:20:13.471,0.4,1539782413.471
2018-10-17 13:20:27.348,0.386,1539782427.348
2018-10-17 13:20:28.095,0.0,1539782428.095
2018-10-18 12:09:18.017,0.38,1539864558.017
2018-10-18 12:09:29.772,0.4,1539864569.772
2018-10-18 12:09:56.416,0.2,1539864596.416
2018-10-18 12:12:28.150,0.386,1539864748.15
2018-10-18 12:12:34.297,0.4,1539864754.297
2018-10-18 12:12:48.089,0.386,1539864768.089
2018-10-18 12:12:48.834,0.0,1539864768.834
2018-10-17 15:06:52.781,0.38,1539788812.781
2018-10-17 15:07:04.531,0.4,1539788824.531
2018-10-17 15:07:31.062,0.2,1539788851.062
2018-10-17 15:10:02.480,0.386,1539789002.48
2018-10-17 15:10:08.617,0.4,1539789008.617
2018-10-17 15:10:22.301,0.386,1539789022.301
2018-10-17 15:10:23.107,0.0,1539789023.107
2018-10-19 13:18:17.558,0.38,1539955097.558
2018-10-19 13:18:29.352,0.4,1539955109.352
2018-10-19 13:18:56.063,0.2,1539955136.063
2018-10-19 13:21:41.626,0.386,1539955301.626
2018-10-19 13:21:47.739,0.4,1539955307.739
2018-10-19 13:22:01.463,0.386,1539955321.463
2018-10-19 13:22:02.247,0.0,1539955322.247
2018-10-18 06:34:46.195,0.38,1539844486.195
2018-10-18 06:34:58.026,0.4,1539844498.026
2018-10-18 06:35:24.735,0.2,1539844524.735
2018-10-18 06:37:50.511,0.386,1539844670.511
2018-10-18 06:37:56.652,0.4,1539844676.652
2018-10-18 06:38:10.531,0.386,1539844690.531
2018-10-18 06:38:11.307,0.0,1539844691.307
2018-10-17 13:12:55.985,0.38,1539781975.985
2018-10-17 13:13:07.794,0.4,1539781987.794
2018-10-17 13:13:34.503,0.2,1539782014.503
2018-10-17 13:16:12.396,0.386,1539782172.396
2018-10-17 13:16:18.490,0.4,1539782178.49
2018-10-17 13:16:32.204,0.386,1539782192.204
2018-10-17 13:16:33.005,0.0,1539782193.005
2018-10-19 09:38:09.907,0.38,1539941889.907
2018-10-19 09:38:21.728,0.4,1539941901.728
2018-10-19 09:38:48.453,0.2,1539941928.453
2018-10-19 09:42:20.209,0.386,1539942140.209
2018-10-19 09:42:26.265,0.4,1539942146.265
2018-10-19 09:42:39.986,0.386,1539942159.986
2018-10-19 09:42:41.094,0.0,1539942161.094
2018-10-18 09:22:19.852,0.38,1539854539.852
2018-10-18 09:22:31.626,0.4,1539854551.626
2018-10-18 09:22:58.480,0.2,1539854578.48
2018-10-18 09:25:31.768,0.386,1539854731.768
2018-10-18 09:25:37.796,0.4,1539854737.796
2018-10-18 09:25:51.481,0.386,1539854751.481
2018-10-18 09:25:52.408,0.0,1539854752.408
2018-10-19 08:41:09.172,0.38,1539938469.172
2018-10-19 08:41:20.900,0.4,1539938480.9
2018-10-19 08:41:47.650,0.2,1539938507.65
2018-10-19 08:44:20.732,0.386,1539938660.732
2018-10-19 08:44:26.535,0.4,1539938666.535
2018-10-19 08:44:40.351,0.386,1539938680.351
2018-10-19 08:44:41.286,0.0,1539938681.286
2018-10-18 06:43:51.963,0.38,1539845031.963
2018-10-18 06:44:09.923,0.4,1539845049.923
2018-10-18 06:44:36.377,0.2,1539845076.377
2018-10-18 06:47:07.633,0.386,1539845227.633
2018-10-18 06:47:13.740,0.4,1539845233.74
2018-10-18 06:47:27.481,0.386,1539845247.481
2018-10-18 06:47:28.325,0.0,1539845248.325
2018-10-18 06:47:49.883,0.38,1539845269.883
2018-10-18 06:48:01.834,0.4,1539845281.834
2018-10-18 06:48:28.656,0.2,1539845308.656
2018-10-18 06:51:09.193,0.386,1539845469.193
2018-10-18 06:51:15.215,0.4,1539845475.215
2018-10-18 06:51:29.064,0.386,1539845489.064
2018-10-18 06:51:29.850,0.0,1539845489.85
2018-10-19 08:57:24.576,0.38,1539939444.576
2018-10-19 08:57:36.508,0.4,1539939456.508
2018-10-19 08:58:03.197,0.2,1539939483.197
2018-10-19 09:00:48.434,0.386,1539939648.434
2018-10-19 09:00:54.730,0.4,1539939654.73
2018-10-19 09:01:08.335,0.386,1539939668.335
2018-10-19 09:01:09.085,0.0,1539939669.085
2018-10-19 07:32:01.154,0.38,1539934321.154
2018-10-19 07:32:13.075,0.4,1539934333.075
2018-10-19 07:32:40.010,0.2,1539934360.01
2018-10-19 07:35:19.387,0.386,1539934519.387
2018-10-19 07:35:25.773,0.4,1539934525.773
2018-10-19 07:35:39.305,0.386,1539934539.305
2018-10-19 07:35:40.112,0.0,1539934540.112
2018-10-17 09:40:32.351,0.38,1539769232.351
2018-10-17 09:40:44.163,0.4,1539769244.163
2018-10-17 09:41:10.869,0.2,1539769270.869
2018-10-17 09:43:46.334,0.386,1539769426.334
2018-10-17 09:43:52.446,0.4,1539769432.446
2018-10-17 09:44:06.271,0.386,1539769446.271
2018-10-17 09:44:07.071,0.0,1539769447.071
2018-10-18 09:31:11.326,0.38,1539855071.326
2018-10-18 09:31:23.230,0.4,1539855083.23
2018-10-18 09:31:49.938,0.2,1539855109.938
2018-10-18 09:34:32.751,0.386,1539855272.751
2018-10-18 09:34:38.909,0.4,1539855278.909
2018-10-18 09:34:52.708,0.386,1539855292.708
2018-10-18 09:34:53.406,0.0,1539855293.406
2018-10-19 12:39:23.150,0.38,1539952763.15
2018-10-19 12:39:35.150,0.4,1539952775.15
2018-10-19 12:40:01.738,0.2,1539952801.738
2018-10-19 12:42:42.697,0.386,1539952962.697
2018-10-19 12:42:48.905,0.4,1539952968.905
2018-10-19 12:43:02.550,0.386,1539952982.55
2018-10-19 12:43:03.514,0.0,1539952983.514
2018-10-18 14:29:13.045,0.38,1539872953.045
2018-10-18 14:29:24.745,0.4,1539872964.745
2018-10-18 14:29:51.454,0.2,1539872991.454
2018-10-18 14:32:49.772,0.386,1539873169.772
2018-10-18 14:32:55.784,0.4,1539873175.784
2018-10-18 14:33:09.594,0.386,1539873189.594
2018-10-18 14:33:10.514,0.0,1539873190.514
2018-10-19 11:54:50.342,0.38,1539950090.342
2018-10-19 11:55:02.207,0.4,1539950102.207
2018-10-19 11:55:28.976,0.2,1539950128.976
2018-10-19 11:58:30.783,0.386,1539950310.783
2018-10-19 11:58:36.895,0.4,1539950316.895
2018-10-19 11:58:50.766,0.386,1539950330.766
2018-10-19 11:58:51.429,0.0,1539950331.429
2018-10-17 15:02:59.383,0.38,1539788579.383
2018-10-17 15:03:11.611,0.4,1539788591.611
2018-10-17 15:03:38.167,0.2,1539788618.167
2018-10-17 15:06:06.888,0.386,1539788766.888
2018-10-17 15:06:12.883,0.4,1539788772.883
2018-10-17 15:06:26.696,0.386,1539788786.696
2018-10-17 15:06:27.499,0.0,1539788787.499
2018-10-19 11:26:18.392,0.38,1539948378.392
2018-10-19 11:26:30.363,0.4,1539948390.363
2018-10-19 11:26:56.905,0.2,1539948416.905
2018-10-19 11:29:35.279,0.386,1539948575.279
2018-10-19 11:29:41.348,0.4,1539948581.348
2018-10-19 11:29:55.103,0.386,1539948595.103
2018-10-19 11:29:55.803,0.0,1539948595.803
2018-10-18 08:22:56.299,0.38,1539850976.299
2018-10-18 08:23:08.145,0.4,1539850988.145
2018-10-18 08:23:34.815,0.2,1539851014.815
2018-10-18 08:29:49.449,0.386,1539851389.449
2018-10-18 08:29:55.556,0.4,1539851395.556
2018-10-18 08:30:09.265,0.386,1539851409.265
2018-10-18 08:30:10.077,0.0,1539851410.077
2018-10-19 07:40:24.910,0.38,1539934824.91
2018-10-19 07:40:36.752,0.4,1539934836.752
2018-10-19 07:41:03.737,0.2,1539934863.737
2018-10-19 07:44:43.227,0.386,1539935083.227
2018-10-19 07:44:49.335,0.4,1539935089.335
2018-10-19 07:45:03.183,0.386,1539935103.183
2018-10-19 07:45:03.938,0.0,1539935103.938
2018-10-18 11:36:18.074,0.38,1539862578.074
2018-10-18 11:36:29.982,0.4,1539862589.982
2018-10-18 11:36:56.695,0.2,1539862616.695
2018-10-18 11:39:53.318,0.386,1539862793.318
2018-10-18 11:39:59.423,0.4,1539862799.423
2018-10-18 11:40:13.242,0.386,1539862813.242
2018-10-18 11:40:14.118,0.0,1539862814.118
2018-10-17 13:45:37.168,0.38,1539783937.168
2018-10-17 13:45:49.078,0.4,1539783949.078
2018-10-17 13:46:15.790,0.2,1539783975.79
2018-10-17 13:49:06.819,0.386,1539784146.819
2018-10-17 13:49:12.817,0.4,1539784152.817
2018-10-17 13:49:26.634,0.386,1539784166.634
2018-10-17 13:49:27.437,0.0,1539784167.437
2018-10-17 11:17:10.505,0.38,1539775030.505
2018-10-17 11:17:25.069,0.4,1539775045.069
2018-10-17 11:17:51.679,0.2,1539775071.679
2018-10-17 11:20:40.675,0.386,1539775240.675
2018-10-17 11:20:46.777,0.4,1539775246.777
2018-10-17 11:21:00.588,0.386,1539775260.588
2018-10-17 11:21:01.388,0.0,1539775261.388
2018-10-18 14:03:37.746,0.38,1539871417.746
2018-10-18 14:03:49.683,0.4,1539871429.683
2018-10-18 14:04:16.361,0.2,1539871456.361
2018-10-18 14:07:19.364,0.386,1539871639.364
2018-10-18 14:07:25.477,0.4,1539871645.477
2018-10-18 14:07:40.018,0.0,1539871660.018
2018-10-18 14:07:39.204,0.386,1539871659.204
2018-10-17 11:47:30.790,0.38,1539776850.79
2018-10-17 11:47:42.744,0.4,1539776862.744
2018-10-17 11:48:09.465,0.2,1539776889.465
2018-10-17 11:51:13.049,0.386,1539777073.049
2018-10-17 11:51:19.151,0.4,1539777079.151
2018-10-17 11:51:32.962,0.386,1539777092.962
2018-10-17 11:51:33.663,0.0,1539777093.663
2018-10-19 09:26:42.366,0.38,1539941202.366
2018-10-19 09:26:54.331,0.4,1539941214.331
2018-10-19 09:27:20.885,0.2,1539941240.885
2018-10-19 09:31:16.859,0.386,1539941476.859
2018-10-19 09:31:22.967,0.4,1539941482.967
2018-10-19 09:31:36.786,0.386,1539941496.786
2018-10-19 09:31:37.476,0.0,1539941497.476
2018-10-17 12:42:03.275,0.38,1539780123.275
2018-10-17 12:42:15.188,0.4,1539780135.188
2018-10-17 12:42:41.916,0.2,1539780161.916
2018-10-17 12:46:17.714,0.386,1539780377.714
2018-10-17 12:46:23.823,0.4,1539780383.823
2018-10-17 12:46:37.645,0.386,1539780397.645
2018-10-17 12:46:38.428,0.0,1539780398.428
2018-10-17 13:49:51.616,0.38,1539784191.616
2018-10-17 13:50:03.522,0.4,1539784203.522
2018-10-17 13:50:30.237,0.2,1539784230.237
2018-10-17 13:53:00.745,0.386,1539784380.745
2018-10-17 13:53:07.011,0.4,1539784387.011
2018-10-17 13:53:20.616,0.386,1539784400.616
2018-10-17 13:53:21.442,0.0,1539784401.442
2018-10-19 11:30:13.908,0.38,1539948613.908
2018-10-19 11:30:25.572,0.4,1539948625.572
2018-10-19 11:30:52.189,0.2,1539948652.189
2018-10-19 11:33:27.528,0.386,1539948807.528
2018-10-19 11:33:33.429,0.4,1539948813.429
2018-10-19 11:33:47.142,0.386,1539948827.142
2018-10-19 11:33:47.942,0.0,1539948827.942
2018-10-19 12:34:50.742,0.38,1539952490.742
2018-10-19 12:35:02.554,0.4,1539952502.554
2018-10-19 12:35:29.499,0.2,1539952529.499
2018-10-19 12:38:35.239,0.386,1539952715.239
2018-10-19 12:38:41.361,0.4,1539952721.361
2018-10-19 12:38:55.065,0.386,1539952735.065
2018-10-19 12:38:55.907,0.0,1539952735.907
2018-10-19 09:33:54.216,0.38,1539941634.216
2018-10-19 09:34:06.246,0.4,1539941646.246
2018-10-19 09:34:32.827,0.2,1539941672.827
2018-10-19 09:37:30.366,0.386,1539941850.366
2018-10-19 09:37:36.367,0.4,1539941856.367
2018-10-19 09:37:50.176,0.386,1539941870.176
2018-10-19 09:37:51.042,0.0,1539941871.042
2018-10-18 08:18:49.193,0.38,1539850729.193
2018-10-18 08:19:01.061,0.4,1539850741.061
2018-10-18 08:19:27.803,0.2,1539850767.803
2018-10-18 08:22:16.722,0.386,1539850936.722
2018-10-18 08:22:22.914,0.4,1539850942.914
2018-10-18 08:22:36.551,0.386,1539850956.551
2018-10-18 08:22:37.351,0.0,1539850957.351
2018-10-17 14:49:23.662,0.38,1539787763.662
2018-10-17 14:49:35.761,0.4,1539787775.761
2018-10-17 14:50:02.112,0.2,1539787802.112
2018-10-17 14:52:39.236,0.386,1539787959.236
2018-10-17 14:52:45.416,0.4,1539787965.416
2018-10-17 14:52:59.172,0.386,1539787979.172
2018-10-17 14:52:59.957,0.0,1539787979.957
2018-10-18 08:34:15.943,0.38,1539851655.943
2018-10-18 08:34:27.844,0.4,1539851667.844
2018-10-18 08:34:54.456,0.2,1539851694.456
2018-10-18 08:37:34.044,0.386,1539851854.044
2018-10-18 08:37:40.099,0.4,1539851860.099
2018-10-18 08:37:54.117,0.386,1539851874.117
2018-10-18 08:37:54.690,0.0,1539851874.69
2018-10-17 13:32:54.629,0.38,1539783174.629
2018-10-17 13:33:06.541,0.4,1539783186.541
2018-10-17 13:33:33.244,0.2,1539783213.244
2018-10-17 13:36:01.876,0.386,1539783361.876
2018-10-17 13:36:07.891,0.4,1539783367.891
2018-10-17 13:36:21.698,0.386,1539783381.698
2018-10-17 13:36:22.499,0.0,1539783382.499
2018-10-18 11:40:44.719,0.38,1539862844.719
2018-10-18 11:40:56.399,0.4,1539862856.399
2018-10-18 11:41:23.123,0.2,1539862883.123
2018-10-18 11:43:56.835,0.386,1539863036.835
2018-10-18 11:44:02.928,0.4,1539863042.928
2018-10-18 11:44:16.667,0.386,1539863056.667
2018-10-18 11:44:17.541,0.0,1539863057.541
2018-10-17 09:44:28.090,0.38,1539769468.09
2018-10-17 09:44:40.048,0.4,1539769480.048
2018-10-17 09:45:06.814,0.2,1539769506.814
2018-10-17 09:53:05.749,0.386,1539769985.749
2018-10-17 09:53:11.998,0.4,1539769991.998
2018-10-17 09:53:25.700,0.386,1539770005.7
2018-10-17 09:53:26.462,0.0,1539770006.462
2018-10-19 09:14:47.519,0.38,1539940487.519
2018-10-19 09:14:59.428,0.4,1539940499.428
2018-10-19 09:15:26.150,0.2,1539940526.15
2018-10-19 09:18:06.997,0.386,1539940686.997
2018-10-19 09:18:13.239,0.4,1539940693.239
2018-10-19 09:18:26.822,0.386,1539940706.822
2018-10-19 09:18:27.678,0.0,1539940707.678
2018-10-17 14:26:17.186,0.38,1539786377.186
2018-10-17 14:26:29.029,0.4,1539786389.029
2018-10-17 14:26:55.766,0.2,1539786415.766
2018-10-17 14:29:34.245,0.386,1539786574.245
2018-10-17 14:29:40.372,0.4,1539786580.372
2018-10-17 14:29:54.160,0.386,1539786594.16
2018-10-17 14:29:54.834,0.0,1539786594.834
2018-10-19 09:10:26.849,0.38,1539940226.849
2018-10-19 09:10:38.757,0.4,1539940238.757
2018-10-19 09:11:05.379,0.2,1539940265.379
2018-10-19 09:13:55.955,0.386,1539940435.955
2018-10-19 09:14:02.052,0.4,1539940442.052
2018-10-19 09:14:15.782,0.386,1539940455.782
2018-10-19 09:14:16.679,0.0,1539940456.679
2018-10-18 11:48:41.203,0.38,1539863321.203
2018-10-18 11:48:53.106,0.4,1539863333.106
2018-10-18 11:49:19.826,0.2,1539863359.826
2018-10-18 11:52:06.337,0.386,1539863526.337
2018-10-18 11:52:12.399,0.4,1539863532.399
2018-10-18 11:52:26.124,0.386,1539863546.124
2018-10-18 11:52:26.946,0.0,1539863546.946
2018-10-18 14:33:27.155,0.38,1539873207.155
2018-10-18 14:33:38.955,0.4,1539873218.955
2018-10-18 14:34:05.668,0.2,1539873245.668
2018-10-18 14:36:43.498,0.386,1539873403.498
2018-10-18 14:36:49.560,0.4,1539873409.56
2018-10-18 14:37:03.251,0.386,1539873423.251
2018-10-18 14:37:04.261,0.0,1539873424.261
2018-10-17 13:24:25.998,0.38,1539782665.998
2018-10-17 13:24:37.897,0.4,1539782677.897
2018-10-17 13:25:04.607,0.2,1539782704.607
2018-10-17 13:27:36.730,0.386,1539782856.73
2018-10-17 13:27:42.939,0.4,1539782862.939
2018-10-17 13:27:56.687,0.386,1539782876.687
2018-10-17 13:27:57.464,0.0,1539782877.464
2018-10-18 14:08:03.275,0.38,1539871683.275
2018-10-18 14:08:15.143,0.4,1539871695.143
2018-10-18 14:08:41.932,0.2,1539871721.932
2018-10-18 14:11:44.318,0.386,1539871904.318
2018-10-18 14:11:50.598,0.4,1539871910.598
2018-10-18 14:12:04.404,0.386,1539871924.404
2018-10-18 14:12:04.946,0.0,1539871924.946
2018-10-17 12:52:27.105,0.38,1539780747.105
2018-10-17 12:52:39.009,0.4,1539780759.009
2018-10-17 12:53:05.753,0.2,1539780785.753
2018-10-17 12:55:43.870,0.386,1539780943.87
2018-10-17 12:55:49.974,0.4,1539780949.974
2018-10-17 12:56:03.840,0.386,1539780963.84
2018-10-17 12:56:04.587,0.0,1539780964.587
2018-10-18 11:10:56.547,0.38,1539861056.547
2018-10-18 11:11:08.352,0.4,1539861068.352
2018-10-18 11:11:35.292,0.2,1539861095.292
2018-10-18 11:14:10.008,0.386,1539861250.008
2018-10-18 11:14:16.116,0.4,1539861256.116
2018-10-18 11:14:29.840,0.386,1539861269.84
2018-10-18 11:14:30.725,0.0,1539861270.725
2018-10-18 14:24:17.764,0.38,1539872657.764
2018-10-18 14:24:29.675,0.4,1539872669.675
2018-10-18 14:24:56.514,0.2,1539872696.514
2018-10-18 14:28:31.451,0.386,1539872911.451
2018-10-18 14:28:37.662,0.4,1539872917.662
2018-10-18 14:28:51.312,0.386,1539872931.312
2018-10-18 14:28:52.229,0.0,1539872932.229
2018-10-19 07:36:04.745,0.38,1539934564.745
2018-10-19 07:36:16.417,0.4,1539934576.417
2018-10-19 07:36:43.175,0.2,1539934603.175
2018-10-19 07:39:46.226,0.386,1539934786.226
2018-10-19 07:39:52.240,0.4,1539934792.24
2018-10-19 07:40:05.928,0.386,1539934805.928
2018-10-19 07:40:06.728,0.0,1539934806.728
2018-10-18 11:17:27.740,0.38,1539861447.74
2018-10-18 11:17:39.630,0.4,1539861459.63
2018-10-18 11:18:06.417,0.2,1539861486.417
2018-10-18 11:20:39.354,0.386,1539861639.354
2018-10-18 11:20:45.356,0.4,1539861645.356
2018-10-18 11:20:59.179,0.386,1539861659.179
2018-10-18 11:20:59.979,0.0,1539861659.979
2018-10-18 12:48:03.769,0.38,1539866883.769
2018-10-18 12:48:15.581,0.4,1539866895.581
2018-10-18 12:48:42.291,0.2,1539866922.291
2018-10-18 12:51:16.182,0.386,1539867076.182
2018-10-18 12:51:22.284,0.4,1539867082.284
2018-10-18 12:51:36.466,0.386,1539867096.466
2018-10-18 12:51:36.720,0.0,1539867096.72
2018-10-18 11:44:33.714,0.38,1539863073.714
2018-10-18 11:44:45.553,0.4,1539863085.553
2018-10-18 11:45:12.506,0.2,1539863112.506
2018-10-18 11:47:44.524,0.386,1539863264.524
2018-10-18 11:47:50.602,0.4,1539863270.602
2018-10-18 11:48:04.323,0.386,1539863284.323
2018-10-18 11:48:05.123,0.0,1539863285.123
2018-10-18 12:29:31.570,0.38,1539865771.57
2018-10-18 12:29:43.473,0.4,1539865783.473
2018-10-18 12:30:10.208,0.2,1539865810.208
2018-10-18 12:33:59.207,0.386,1539866039.207
2018-10-18 12:34:05.378,0.4,1539866045.378
2018-10-18 12:34:19.112,0.386,1539866059.112
2018-10-18 12:34:19.957,0.0,1539866059.957
2018-10-19 13:10:06.310,0.38,1539954606.31
2018-10-19 13:10:18.320,0.4,1539954618.32
2018-10-19 13:10:44.844,0.2,1539954644.844
2018-10-19 13:13:23.919,0.386,1539954803.919
2018-10-19 13:13:30.171,0.4,1539954810.171
2018-10-19 13:13:43.827,0.386,1539954823.827
2018-10-19 13:13:44.593,0.0,1539954824.593
2018-10-19 12:47:48.164,0.38,1539953268.164
2018-10-19 12:48:00.045,0.4,1539953280.045
2018-10-19 12:48:26.790,0.2,1539953306.79
2018-10-19 12:51:35.387,0.386,1539953495.387
2018-10-19 12:51:41.458,0.4,1539953501.458
2018-10-19 12:51:55.368,0.386,1539953515.368
2018-10-19 12:51:56.097,0.0,1539953516.097
